Desa/Kelurahan,Luas Area,Jarak ke Kecamatan,Akomodasi,Tempat Makan,Fasilitas,Pantai,Harga Tiket,Rating,Wisatawan Mancanegara,Wisatawan Nusantara,Media Sosial,Menara Telepon
Pandan Lanjang,Sempit,Sangat dekat,Sedikit,Tidak Ada Tempat Makan,Kurang,Sedikit,Sangat murah,1 bintang,Tidak Ada Wisatawan Manca,Tidak Ada Wisatawan Lokal,Tidak ada,Tidak ada
Batonaong,Kecil,Cukup jauh,Sedikit,Tidak Ada Tempat Makan,Kurang,Sedikit,Sangat murah,1 bintang,Tidak Ada Wisatawan Manca,Tidak Ada Wisatawan Lokal,Tidak ada,Tidak ada
Glagga,Luas,Cukup jauh,Sedikit,Tidak Ada Tempat Makan,Kurang,Sedikit,Sangat murah,1 bintang,Tidak Ada Wisatawan Manca,Tidak Ada Wisatawan Lokal,Tidak ada,Tidak ada
Ombul,Kecil,Dekat,Sedikit,Tidak Ada Tempat Makan,Kurang,Sedikit,Sangat murah,1 bintang,Tidak Ada Wisatawan Manca,Tidak Ada Wisatawan Lokal,Tidak ada,Tidak ada
Balung,Kecil,Dekat,Sedikit,Tidak Ada Tempat Makan,Kurang,Sedikit,Sangat murah,1 bintang,Tidak Ada Wisatawan Manca,Tidak Ada Wisatawan Lokal,Tidak ada,Tidak ada
Lajing,Luas,Sangat dekat,Sedikit,Tidak Ada Tempat Makan,Kurang,Sedikit,Sangat murah,1 bintang,Tidak Ada Wisatawan Manca,Tidak Ada Wisatawan Lokal,Tidak ada,Cukup sedikit
Tengket,Kecil,Sangat dekat,Sedikit,Tidak Ada Tempat Makan,Kurang,Sedikit,Sangat murah,1 bintang,Tidak Ada Wisatawan Manca,Tidak Ada Wisatawan Lokal,Tidak ada,Cukup sedikit
Arosbaya,Sempit,Sangat dekat,Sedikit,Tidak Ada Tempat Makan,Kurang,Sedikit,Sangat murah,1 bintang,Tidak Ada Wisatawan Manca,Tidak Ada Wisatawan Lokal,Tidak ada,Cukup sedikit
Karang Duwak,Kecil,Dekat,Sedikit,Tidak Ada Tempat Makan,Kurang,Sedikit,Sangat murah,1 bintang,Tidak Ada Wisatawan Manca,Tidak Ada Wisatawan Lokal,Tidak ada,Tidak ada
Dlemer,Sempit,Sangat dekat,Sedikit,Tidak Ada Tempat Makan,Kurang,Sedikit,Sangat murah,1 bintang,Tidak Ada Wisatawan Manca,Tidak Ada Wisatawan Lokal,Tidak ada,Tidak ada
Mangkon,Sempit,Sangat dekat,Sedikit,Tidak Ada Tempat Makan,Kurang,Sedikit,Sangat murah,1 bintang,Tidak Ada Wisatawan Manca,Tidak Ada Wisatawan Lokal,Tidak ada,Tidak ada
Berbeluk,Sempit,Dekat,Sedikit,Tidak Ada Tempat Makan,Kurang,Sedikit,Sangat murah,1 bintang,Tidak Ada Wisatawan Manca,Tidak Ada Wisatawan Lokal,Tidak ada,Tidak ada
Cendagah,Sempit,Dekat,Sedikit,Tidak Ada Tempat Makan,Kurang,Sedikit,Sangat murah,1 bintang,Tidak Ada Wisatawan Manca,Tidak Ada Wisatawan Lokal,Tidak ada,Tidak ada
Karang Pao,Kecil,Sangat dekat,Sedikit,Tidak Ada Tempat Makan,Kurang,Sedikit,Sangat murah,1 bintang,Tidak Ada Wisatawan Manca,Tidak Ada Wisatawan Lokal,Tidak ada,Tidak ada
Makam Agung,Luas,Dekat,Sedikit,Tidak Ada Tempat Makan,Kurang,Sedikit,Sangat murah,1 bintang,Tidak Ada Wisatawan Manca,Tidak Ada Wisatawan Lokal,Tidak ada,Tidak ada
Plakaran,Kecil,Sangat dekat,Sedikit,Tidak Ada Tempat Makan,Kurang,Sedikit,Sangat murah,1 bintang,Tidak Ada Wisatawan Manca,Tidak Ada Wisatawan Lokal,Tidak ada,Tidak ada
Tambegan,Luas,Sangat dekat,Sedikit,Tidak Ada Tempat Makan,Kurang,Sedikit,Sangat murah,1 bintang,Tidak Ada Wisatawan Manca,Tidak Ada Wisatawan Lokal,Tidak ada,Tidak ada
Kramat,Kecil,Sangat dekat,Sedikit,Tidak Ada Tempat Makan,Kurang,Sedikit,Sangat murah,1 bintang,Tidak Ada Wisatawan Manca,Tidak Ada Wisatawan Lokal,Tidak ada,Cukup sedikit
Sabiyan,Sempit,Cukup jauh,Sedikit,Tidak Ada Tempat Makan,Kurang,Sedikit,Sangat murah,1 bintang,Tidak Ada Wisatawan Manca,Tidak Ada Wisatawan Lokal,Tidak ada,Cukup sedikit
Gebang,Kecil,Cukup jauh,Sedikit,Tidak Ada Tempat Makan,Kurang,Sedikit,Sangat murah,1 bintang,Tidak Ada Wisatawan Manca,Tidak Ada Wisatawan Lokal,Tidak ada,Tidak ada
Gigir,Luas,Cukup jauh,Sedikit,Tidak Ada Tempat Makan,Kurang,Sedikit,Sangat murah,1 bintang,Tidak Ada Wisatawan Manca,Tidak Ada Wisatawan Lokal,Tidak ada,Tidak ada
Ko'Olan,Kecil,Cukup jauh,Sedikit,Tidak Ada Tempat Makan,Kurang,Sedikit,Sangat murah,1 bintang,Tidak Ada Wisatawan Manca,Tidak Ada Wisatawan Lokal,Tidak ada,Tidak ada
Pangeran Gedungan,Kecil,Dekat,Sedikit,Tidak Ada Tempat Makan,Kurang,Sedikit,Sangat murah,1 bintang,Tidak Ada Wisatawan Manca,Tidak Ada Wisatawan Lokal,Tidak ada,Tidak ada
Panjalinan,Kecil,Dekat,Sedikit,Tidak Ada Tempat Makan,Kurang,Sedikit,Sangat murah,1 bintang,Tidak Ada Wisatawan Manca,Tidak Ada Wisatawan Lokal,Tidak ada,Tidak ada
Rosep,Kecil,Sangat dekat,Sedikit,Kurang Tempat Makan,Kurang,Sedikit,Sangat murah,1 bintang,Tidak Ada Wisatawan Manca,Tidak Ada Wisatawan Lokal,Tidak ada,Tidak ada
Kampao,Sangat luas,Dekat,Sedikit,Tidak Ada Tempat Makan,Kurang,Sedikit,Sangat murah,1 bintang,Tidak Ada Wisatawan Manca,Tidak Ada Wisatawan Lokal,Tidak ada,Tidak ada
Lombang Laok,Sempit,Dekat,Sedikit,Tidak Ada Tempat Makan,Kurang,Sedikit,Sangat murah,1 bintang,Tidak Ada Wisatawan Manca,Tidak Ada Wisatawan Lokal,Tidak ada,Tidak ada
Lombang Daya,Sangat luas,Cukup jauh,Sedikit,Tidak Ada Tempat Makan,Kurang,Sedikit,Sangat murah,1 bintang,Tidak Ada Wisatawan Manca,Tidak Ada Wisatawan Lokal,Tidak ada,Cukup sedikit
Karpote,Kecil,Sangat dekat,Sedikit,Tidak Ada Tempat Makan,Kurang,Sedikit,Sangat murah,1 bintang,Tidak Ada Wisatawan Manca,Tidak Ada Wisatawan Lokal,Tidak ada,Tidak ada
Blegaoloh,Sempit,Dekat,Sedikit,Tidak Ada Tempat Makan,Kurang,Sedikit,Sangat murah,1 bintang,Tidak Ada Wisatawan Manca,Tidak Ada Wisatawan Lokal,Tidak ada,Tidak ada
Karang Gayam,Kecil,Dekat,Sedikit,Kurang Tempat Makan,Kurang,Sedikit,Sangat murah,1 bintang,Tidak Ada Wisatawan Manca,Tidak Ada Wisatawan Lokal,Tidak ada,Tidak ada
Lomaer,Luas,Dekat,Sedikit,Tidak Ada Tempat Makan,Kurang,Sedikit,Sangat murah,1 bintang,Tidak Ada Wisatawan Manca,Tidak Ada Wisatawan Lokal,Tidak ada,Tidak ada
Bates,Kecil,Cukup jauh,Sedikit,Tidak Ada Tempat Makan,Kurang,Sedikit,Sangat murah,1 bintang,Tidak Ada Wisatawan Manca,Tidak Ada Wisatawan Lokal,Tidak ada,Tidak ada
Karang Panasan,Sempit,Dekat,Sedikit,Kurang Tempat Makan,Kurang,Sedikit,Sangat murah,1 bintang,Tidak Ada Wisatawan Manca,Tidak Ada Wisatawan Lokal,Tidak ada,Tidak ada
Karangnangka,Kecil,Dekat,Sedikit,Tidak Ada Tempat Makan,Kurang,Sedikit,Sangat murah,1 bintang,Tidak Ada Wisatawan Manca,Tidak Ada Wisatawan Lokal,Tidak ada,Tidak ada
Blega,Luas,Sangat dekat,Sedikit,Banyak Tempat Makan,Kurang,Sedikit,Sangat murah,1 bintang,Tidak Ada Wisatawan Manca,Tidak Ada Wisatawan Lokal,Tidak ada,Banyak
Nyor Manis,Kecil,Sangat dekat,Sedikit,Tidak Ada Tempat Makan,Kurang,Sedikit,Sangat murah,1 bintang,Tidak Ada Wisatawan Manca,Tidak Ada Wisatawan Lokal,Tidak ada,Tidak ada
Alasraja,Luas,Dekat,Sedikit,Tidak Ada Tempat Makan,Kurang,Sedikit,Sangat murah,1 bintang,Tidak Ada Wisatawan Manca,Tidak Ada Wisatawan Lokal,Tidak ada,Tidak ada
Kajan,Kecil,Cukup jauh,Sedikit,Tidak Ada Tempat Makan,Kurang,Sedikit,Sangat murah,1 bintang,Tidak Ada Wisatawan Manca,Tidak Ada Wisatawan Lokal,Tidak ada,Tidak ada
Tonjung,Luas,Sangat dekat,Sedikit,Cukup Tempat Makan,Kurang,Sedikit,Sangat murah,1 bintang,Tidak Ada Wisatawan Manca,Tidak Ada Wisatawan Lokal,Tidak ada,Cukup sedikit
Jambu,Sempit,Sangat dekat,Sedikit,Tidak Ada Tempat Makan,Kurang,Sedikit,Sangat murah,1 bintang,Tidak Ada Wisatawan Manca,Tidak Ada Wisatawan Lokal,Tidak ada,Tidak ada
Langkap,Luas,Sangat dekat,Sedikit,Tidak Ada Tempat Makan,Kurang,Sedikit,Sangat murah,1 bintang,Tidak Ada Wisatawan Manca,Tidak Ada Wisatawan Lokal,Tidak ada,Cukup sedikit
Benangkah,Sangat luas,Dekat,Sedikit,Tidak Ada Tempat Makan,Kurang,Sedikit,Sangat murah,1 bintang,Tidak Ada Wisatawan Manca,Tidak Ada Wisatawan Lokal,Tidak ada,Tidak ada
Kapor,Kecil,Dekat,Sedikit,Tidak Ada Tempat Makan,Kurang,Sedikit,Sangat murah,1 bintang,Tidak Ada Wisatawan Manca,Tidak Ada Wisatawan Lokal,Tidak ada,Tidak ada
Arok,Sempit,Dekat,Sedikit,Tidak Ada Tempat Makan,Kurang,Sedikit,Sangat murah,1 bintang,Tidak Ada Wisatawan Manca,Tidak Ada Wisatawan Lokal,Tidak ada,Tidak ada
Sobih,Sempit,Dekat,Sedikit,Tidak Ada Tempat Makan,Kurang,Sedikit,Sangat murah,1 bintang,Tidak Ada Wisatawan Manca,Tidak Ada Wisatawan Lokal,Tidak ada,Tidak ada
Pangolangan,Kecil,Cukup jauh,Sedikit,Tidak Ada Tempat Makan,Kurang,Sedikit,Sangat murah,1 bintang,Tidak Ada Wisatawan Manca,Tidak Ada Wisatawan Lokal,Tidak ada,Tidak ada
Perreng,Sempit,Cukup jauh,Sedikit,Tidak Ada Tempat Makan,Kurang,Sedikit,Sangat murah,1 bintang,Tidak Ada Wisatawan Manca,Tidak Ada Wisatawan Lokal,Tidak ada,Tidak ada
Alas Kembang,Kecil,Cukup jauh,Sedikit,Tidak Ada Tempat Makan,Kurang,Sedikit,Sangat murah,1 bintang,Tidak Ada Wisatawan Manca,Tidak Ada Wisatawan Lokal,Tidak ada,Tidak ada
Binoh,Kecil,Cukup jauh,Sedikit,Tidak Ada Tempat Makan,Kurang,Sedikit,Sangat murah,1 bintang,Tidak Ada Wisatawan Manca,Tidak Ada Wisatawan Lokal,Tidak ada,Tidak ada
Pekadan,Kecil,Cukup jauh,Sedikit,Tidak Ada Tempat Makan,Kurang,Sedikit,Sangat murah,1 bintang,Tidak Ada Wisatawan Manca,Tidak Ada Wisatawan Lokal,Tidak ada,Tidak ada
Kajuanak,Kecil,Dekat,Sedikit,Tidak Ada Tempat Makan,Kurang,Sedikit,Sangat murah,1 bintang,Tidak Ada Wisatawan Manca,Tidak Ada Wisatawan Lokal,Tidak ada,Tidak ada
Paterongan,Kecil,Sangat dekat,Sedikit,Tidak Ada Tempat Makan,Kurang,Sedikit,Sangat murah,1 bintang,Tidak Ada Wisatawan Manca,Tidak Ada Wisatawan Lokal,Tidak ada,Banyak
Galis,Kecil,Sangat dekat,Sedikit,Tidak Ada Tempat Makan,Kurang,Sedikit,Sangat murah,1 bintang,Tidak Ada Wisatawan Manca,Tidak Ada Wisatawan Lokal,Tidak ada,Banyak
Paka'An Laok,Sangat luas,Dekat,Sedikit,Tidak Ada Tempat Makan,Kurang,Sedikit,Sangat murah,1 bintang,Tidak Ada Wisatawan Manca,Tidak Ada Wisatawan Lokal,Tidak ada,Tidak ada
Kranggan Timur,Sempit,Cukup jauh,Sedikit,Tidak Ada Tempat Makan,Kurang,Sedikit,Sangat murah,1 bintang,Tidak Ada Wisatawan Manca,Tidak Ada Wisatawan Lokal,Tidak ada,Tidak ada
Separah,Kecil,Dekat,Sedikit,Tidak Ada Tempat Makan,Kurang,Sedikit,Sangat murah,1 bintang,Tidak Ada Wisatawan Manca,Tidak Ada Wisatawan Lokal,Tidak ada,Tidak ada
Pakaandaya,Sempit,Dekat,Sedikit,Tidak Ada Tempat Makan,Kurang,Sedikit,Sangat murah,1 bintang,Tidak Ada Wisatawan Manca,Tidak Ada Wisatawan Lokal,Tidak ada,Tidak ada
Longkek,Kecil,Dekat,Sedikit,Tidak Ada Tempat Makan,Kurang,Sedikit,Sangat murah,1 bintang,Tidak Ada Wisatawan Manca,Tidak Ada Wisatawan Lokal,Tidak ada,Cukup sedikit
Tellok,Sangat luas,Sangat dekat,Sedikit,Tidak Ada Tempat Makan,Kurang,Sedikit,Sangat murah,1 bintang,Tidak Ada Wisatawan Manca,Tidak Ada Wisatawan Lokal,Tidak ada,Tidak ada
Belateran,Sempit,Sangat dekat,Sedikit,Tidak Ada Tempat Makan,Kurang,Sedikit,Sangat murah,1 bintang,Tidak Ada Wisatawan Manca,Tidak Ada Wisatawan Lokal,Tidak ada,Tidak ada
Kelbung,Sangat luas,Sangat jauh,Sedikit,Tidak Ada Tempat Makan,Kurang,Sedikit,Sangat murah,1 bintang,Tidak Ada Wisatawan Manca,Tidak Ada Wisatawan Lokal,Tidak ada,Tidak ada
Telagah,Luas,Sangat jauh,Sedikit,Tidak Ada Tempat Makan,Kurang,Sedikit,Sangat murah,1 bintang,Tidak Ada Wisatawan Manca,Tidak Ada Wisatawan Lokal,Tidak ada,Tidak ada
Lantek Temor,Kecil,Cukup jauh,Sedikit,Tidak Ada Tempat Makan,Kurang,Sedikit,Sangat murah,1 bintang,Tidak Ada Wisatawan Manca,Tidak Ada Wisatawan Lokal,Tidak ada,Tidak ada
Lantek Barat,Sangat luas,Cukup jauh,Sedikit,Tidak Ada Tempat Makan,Kurang,Sedikit,Sangat murah,1 bintang,Tidak Ada Wisatawan Manca,Tidak Ada Wisatawan Lokal,Tidak ada,Cukup sedikit
Banjar,Sangat luas,Sangat jauh,Sedikit,Tidak Ada Tempat Makan,Kurang,Sedikit,Sangat murah,1 bintang,Tidak Ada Wisatawan Manca,Tidak Ada Wisatawan Lokal,Tidak ada,Tidak ada
Bangpendah,Sempit,Sangat dekat,Sedikit,Tidak Ada Tempat Makan,Kurang,Sedikit,Sangat murah,1 bintang,Tidak Ada Wisatawan Manca,Tidak Ada Wisatawan Lokal,Tidak ada,Tidak ada
Sadah,Kecil,Sangat jauh,Sedikit,Tidak Ada Tempat Makan,Kurang,Sedikit,Sangat murah,1 bintang,Tidak Ada Wisatawan Manca,Tidak Ada Wisatawan Lokal,Tidak ada,Cukup sedikit
Sorpa,Sempit,Sangat jauh,Sedikit,Tidak Ada Tempat Makan,Kurang,Sedikit,Sangat murah,1 bintang,Tidak Ada Wisatawan Manca,Tidak Ada Wisatawan Lokal,Tidak ada,Tidak ada
Togubang,Sangat luas,Sangat dekat,Sedikit,Tidak Ada Tempat Makan,Kurang,Sedikit,Sangat murah,1 bintang,Tidak Ada Wisatawan Manca,Tidak Ada Wisatawan Lokal,Tidak ada,Tidak ada
Lerpak,Sangat luas,Sangat jauh,Sedikit,Tidak Ada Tempat Makan,Kurang,Sedikit,Sangat murah,1 bintang,Tidak Ada Wisatawan Manca,Tidak Ada Wisatawan Lokal,Tidak ada,Tidak ada
Batobella,Luas,Dekat,Sedikit,Tidak Ada Tempat Makan,Kurang,Sedikit,Sangat murah,1 bintang,Tidak Ada Wisatawan Manca,Tidak Ada Wisatawan Lokal,Tidak ada,Tidak ada
Tegerpriyah,Kecil,Dekat,Sedikit,Tidak Ada Tempat Makan,Kurang,Sedikit,Sangat murah,1 bintang,Tidak Ada Wisatawan Manca,Tidak Ada Wisatawan Lokal,Tidak ada,Tidak ada
Campor,Luas,Sangat dekat,Sedikit,Tidak Ada Tempat Makan,Kurang,Sedikit,Sangat murah,1 bintang,Tidak Ada Wisatawan Manca,Tidak Ada Wisatawan Lokal,Tidak ada,Tidak ada
Kompol,Kecil,Sangat dekat,Sedikit,Tidak Ada Tempat Makan,Kurang,Sedikit,Sangat murah,1 bintang,Tidak Ada Wisatawan Manca,Tidak Ada Wisatawan Lokal,Tidak ada,Tidak ada
Kampak,Sangat luas,Dekat,Sedikit,Tidak Ada Tempat Makan,Kurang,Sedikit,Sangat murah,1 bintang,Tidak Ada Wisatawan Manca,Tidak Ada Wisatawan Lokal,Tidak ada,Tidak ada
Kombangan,Sangat luas,Dekat,Sedikit,Tidak Ada Tempat Makan,Kurang,Sedikit,Sangat murah,1 bintang,Tidak Ada Wisatawan Manca,Tidak Ada Wisatawan Lokal,Tidak ada,Banyak
Dabung,Sangat luas,Sangat jauh,Sedikit,Tidak Ada Tempat Makan,Kurang,Sedikit,Sangat murah,1 bintang,Tidak Ada Wisatawan Manca,Tidak Ada Wisatawan Lokal,Tidak ada,Tidak ada
Katol Barat,Luas,Cukup jauh,Sedikit,Tidak Ada Tempat Makan,Kurang,Sedikit,Sangat murah,1 bintang,Tidak Ada Wisatawan Manca,Tidak Ada Wisatawan Lokal,Tidak ada,Tidak ada
Banyoneng Laok,Sangat luas,Sangat dekat,Sedikit,Tidak Ada Tempat Makan,Kurang,Sedikit,Sangat murah,1 bintang,Tidak Ada Wisatawan Manca,Tidak Ada Wisatawan Lokal,Tidak ada,Tidak ada
Banyoneng Dajah,Kecil,Cukup jauh,Sedikit,Tidak Ada Tempat Makan,Kurang,Sedikit,Sangat murah,1 bintang,Tidak Ada Wisatawan Manca,Tidak Ada Wisatawan Lokal,Tidak ada,Tidak ada
Tajungan,Sempit,Sangat dekat,Sedikit,Tidak Ada Tempat Makan,Kurang,Sedikit,Sangat murah,1 bintang,Tidak Ada Wisatawan Manca,Tidak Ada Wisatawan Lokal,Tidak ada,Tidak ada
Gili Barat,Kecil,Sangat dekat,Sedikit,Tidak Ada Tempat Makan,Kurang,Sedikit,Sangat murah,1 bintang,Tidak Ada Wisatawan Manca,Tidak Ada Wisatawan Lokal,Tidak ada,Cukup sedikit
Banyu Ajuh,Sangat luas,Sangat dekat,Sedikit,Kurang Tempat Makan,Kurang,Sedikit,Sangat murah,1 bintang,Tidak Ada Wisatawan Manca,Tidak Ada Wisatawan Lokal,Tidak ada,Banyak
Tanjung Jati,Sempit,Dekat,Sedikit,Tidak Ada Tempat Makan,Kurang,Sedikit,Sangat murah,1 bintang,Tidak Ada Wisatawan Manca,Tidak Ada Wisatawan Lokal,Tidak ada,Tidak ada
Kebun,Kecil,Sangat dekat,Sedikit,Tidak Ada Tempat Makan,Kurang,Sedikit,Sangat murah,1 bintang,Tidak Ada Wisatawan Manca,Tidak Ada Wisatawan Lokal,Tidak ada,Cukup sedikit
Gili Anyar,Sempit,Sangat dekat,Sedikit,Tidak Ada Tempat Makan,Kurang,Sedikit,Sangat murah,1 bintang,Tidak Ada Wisatawan Manca,Tidak Ada Wisatawan Lokal,Tidak ada,Tidak ada
Tellang,Sangat luas,Dekat,Sedikit,Tidak Ada Tempat Makan,Kurang,Sedikit,Sangat murah,1 bintang,Tidak Ada Wisatawan Manca,Tidak Ada Wisatawan Lokal,Tidak ada,Banyak
Pendabah,Luas,Cukup jauh,Sedikit,Tidak Ada Tempat Makan,Kurang,Sedikit,Sangat murah,1 bintang,Tidak Ada Wisatawan Manca,Tidak Ada Wisatawan Lokal,Tidak ada,Tidak ada
Tolbuk,Sempit,Cukup jauh,Sedikit,Tidak Ada Tempat Makan,Kurang,Sedikit,Sangat murah,1 bintang,Tidak Ada Wisatawan Manca,Tidak Ada Wisatawan Lokal,Tidak ada,Tidak ada
Ra'As,Sempit,Dekat,Sedikit,Tidak Ada Tempat Makan,Kurang,Sedikit,Sangat murah,1 bintang,Tidak Ada Wisatawan Manca,Tidak Ada Wisatawan Lokal,Tidak ada,Tidak ada
Muarah,Kecil,Cukup jauh,Sedikit,Tidak Ada Tempat Makan,Kurang,Sedikit,Sangat murah,1 bintang,Tidak Ada Wisatawan Manca,Tidak Ada Wisatawan Lokal,Tidak ada,Tidak ada
Polongan,Sempit,Dekat,Sedikit,Tidak Ada Tempat Makan,Kurang,Sedikit,Sangat murah,1 bintang,Tidak Ada Wisatawan Manca,Tidak Ada Wisatawan Lokal,Tidak ada,Tidak ada
Karang Asem,Sangat luas,Dekat,Sedikit,Tidak Ada Tempat Makan,Kurang,Sedikit,Sangat murah,1 bintang,Tidak Ada Wisatawan Manca,Tidak Ada Wisatawan Lokal,Tidak ada,Tidak ada
Bantean,Sangat luas,Cukup jauh,Sedikit,Tidak Ada Tempat Makan,Kurang,Sedikit,Sangat murah,1 bintang,Tidak Ada Wisatawan Manca,Tidak Ada Wisatawan Lokal,Tidak ada,Tidak ada
Bragang,Sangat luas,Cukup jauh,Sedikit,Tidak Ada Tempat Makan,Kurang,Sedikit,Sangat murah,1 bintang,Tidak Ada Wisatawan Manca,Tidak Ada Wisatawan Lokal,Tidak ada,Cukup sedikit
Lergunong,Kecil,Cukup jauh,Sedikit,Tidak Ada Tempat Makan,Kurang,Sedikit,Sangat murah,1 bintang,Tidak Ada Wisatawan Manca,Tidak Ada Wisatawan Lokal,Tidak ada,Cukup sedikit
Panyaksagan,Kecil,Dekat,Sedikit,Tidak Ada Tempat Makan,Kurang,Sedikit,Sangat murah,1 bintang,Tidak Ada Wisatawan Manca,Tidak Ada Wisatawan Lokal,Tidak ada,Tidak ada
Larangan Glintong,Kecil,Sangat dekat,Sedikit,Tidak Ada Tempat Makan,Kurang,Sedikit,Sangat murah,1 bintang,Tidak Ada Wisatawan Manca,Tidak Ada Wisatawan Lokal,Tidak ada,Cukup sedikit
Manonggal,Kecil,Dekat,Sedikit,Tidak Ada Tempat Makan,Kurang,Sedikit,Sangat murah,1 bintang,Tidak Ada Wisatawan Manca,Tidak Ada Wisatawan Lokal,Tidak ada,Cukup sedikit
Larangan Sorjan,Sempit,Dekat,Sedikit,Tidak Ada Tempat Makan,Kurang,Sedikit,Sangat murah,1 bintang,Tidak Ada Wisatawan Manca,Tidak Ada Wisatawan Lokal,Tidak ada,Banyak
Tenggun Daya,Kecil,Dekat,Sedikit,Tidak Ada Tempat Makan,Kurang,Sedikit,Sangat murah,1 bintang,Tidak Ada Wisatawan Manca,Tidak Ada Wisatawan Lokal,Tidak ada,Banyak
Bulung,Luas,Cukup jauh,Sedikit,Tidak Ada Tempat Makan,Kurang,Sedikit,Sangat murah,1 bintang,Tidak Ada Wisatawan Manca,Tidak Ada Wisatawan Lokal,Tidak ada,Cukup sedikit
Trogan,Sempit,Dekat,Sedikit,Tidak Ada Tempat Makan,Kurang,Sedikit,Sangat murah,1 bintang,Tidak Ada Wisatawan Manca,Tidak Ada Wisatawan Lokal,Tidak ada,Tidak ada
Ko'ol,Sempit,Dekat,Sedikit,Tidak Ada Tempat Makan,Kurang,Sedikit,Sangat murah,1 bintang,Tidak Ada Wisatawan Manca,Tidak Ada Wisatawan Lokal,Tidak ada,Tidak ada
Tobaddung,Sempit,Cukup jauh,Sedikit,Tidak Ada Tempat Makan,Kurang,Sedikit,Sangat murah,1 bintang,Tidak Ada Wisatawan Manca,Tidak Ada Wisatawan Lokal,Tidak ada,Cukup sedikit
Mrandung,Sempit,Dekat,Sedikit,Tidak Ada Tempat Makan,Kurang,Sedikit,Sangat murah,1 bintang,Tidak Ada Wisatawan Manca,Tidak Ada Wisatawan Lokal,Tidak ada,Tidak ada
Buluk Agung,Kecil,Sangat dekat,Sedikit,Tidak Ada Tempat Makan,Kurang,Sedikit,Sangat murah,1 bintang,Tidak Ada Wisatawan Manca,Tidak Ada Wisatawan Lokal,Tidak ada,Cukup sedikit
Klampis Barat,Sempit,Sangat dekat,Sedikit,Tidak Ada Tempat Makan,Kurang,Sedikit,Sangat murah,1 bintang,Tidak Ada Wisatawan Manca,Tidak Ada Wisatawan Lokal,Tidak ada,Tidak ada
Klampis Timur,Sempit,Sangat dekat,Sedikit,Tidak Ada Tempat Makan,Kurang,Sedikit,Sangat murah,1 bintang,Tidak Ada Wisatawan Manca,Tidak Ada Wisatawan Lokal,Tidak ada,Tidak ada
Lembung Gunung,Kecil,Cukup jauh,Sedikit,Tidak Ada Tempat Makan,Kurang,Sedikit,Sangat murah,1 bintang,Tidak Ada Wisatawan Manca,Tidak Ada Wisatawan Lokal,Tidak ada,Tidak ada
Ampara'an,Kecil,Sangat jauh,Sedikit,Tidak Ada Tempat Makan,Kurang,Sedikit,Sangat murah,1 bintang,Tidak Ada Wisatawan Manca,Tidak Ada Wisatawan Lokal,Tidak ada,Tidak ada
Kokop,Luas,Sangat dekat,Sedikit,Tidak Ada Tempat Makan,Kurang,Sedikit,Sangat murah,1 bintang,Tidak Ada Wisatawan Manca,Tidak Ada Wisatawan Lokal,Tidak ada,Tidak ada
Tlokoh,Sangat luas,Sangat jauh,Sedikit,Tidak Ada Tempat Makan,Kurang,Sedikit,Sangat murah,1 bintang,Tidak Ada Wisatawan Manca,Tidak Ada Wisatawan Lokal,Tidak ada,Tidak ada
Mano'An,Sangat luas,Sangat jauh,Sedikit,Tidak Ada Tempat Makan,Kurang,Sedikit,Sangat murah,1 bintang,Tidak Ada Wisatawan Manca,Tidak Ada Wisatawan Lokal,Tidak ada,Cukup sedikit
Mandung,Sangat luas,Sangat jauh,Sedikit,Tidak Ada Tempat Makan,Kurang,Sedikit,Sangat murah,1 bintang,Tidak Ada Wisatawan Manca,Tidak Ada Wisatawan Lokal,Tidak ada,Cukup sedikit
Bandang Laok,Sangat luas,Dekat,Sedikit,Tidak Ada Tempat Makan,Kurang,Sedikit,Sangat murah,1 bintang,Tidak Ada Wisatawan Manca,Tidak Ada Wisatawan Lokal,Tidak ada,Tidak ada
Tramok,Sangat luas,Dekat,Sedikit,Tidak Ada Tempat Makan,Kurang,Sedikit,Sangat murah,1 bintang,Tidak Ada Wisatawan Manca,Tidak Ada Wisatawan Lokal,Tidak ada,Tidak ada
Katol Timur,Sangat luas,Cukup jauh,Sedikit,Tidak Ada Tempat Makan,Kurang,Sedikit,Sangat murah,1 bintang,Tidak Ada Wisatawan Manca,Tidak Ada Wisatawan Lokal,Tidak ada,Tidak ada
Banda Soleh,Kecil,Sangat dekat,Sedikit,Tidak Ada Tempat Makan,Kurang,Sedikit,Sangat murah,1 bintang,Tidak Ada Wisatawan Manca,Tidak Ada Wisatawan Lokal,Tidak ada,Tidak ada
Dupok,Sangat luas,Sangat dekat,Sedikit,Tidak Ada Tempat Makan,Kurang,Sedikit,Sangat murah,1 bintang,Tidak Ada Wisatawan Manca,Tidak Ada Wisatawan Lokal,Tidak ada,Cukup sedikit
Batokorogan,Kecil,Dekat,Sedikit,Tidak Ada Tempat Makan,Kurang,Sedikit,Sangat murah,1 bintang,Tidak Ada Wisatawan Manca,Tidak Ada Wisatawan Lokal,Tidak ada,Tidak ada
Galis Daya,Kecil,Sangat jauh,Sedikit,Tidak Ada Tempat Makan,Kurang,Sedikit,Sangat murah,1 bintang,Tidak Ada Wisatawan Manca,Tidak Ada Wisatawan Lokal,Tidak ada,Tidak ada
Durin Barat,Luas,Sangat jauh,Sedikit,Tidak Ada Tempat Makan,Kurang,Sedikit,Sangat murah,1 bintang,Tidak Ada Wisatawan Manca,Tidak Ada Wisatawan Lokal,Tidak ada,Tidak ada
Kanegarah,Sangat luas,Sangat jauh,Sedikit,Tidak Ada Tempat Makan,Kurang,Sedikit,Sangat murah,1 bintang,Tidak Ada Wisatawan Manca,Tidak Ada Wisatawan Lokal,Tidak ada,Tidak ada
Batokaban,Sangat luas,Sangat jauh,Sedikit,Tidak Ada Tempat Makan,Kurang,Sedikit,Sangat murah,1 bintang,Tidak Ada Wisatawan Manca,Tidak Ada Wisatawan Lokal,Tidak ada,Tidak ada
Durin Timur,Sangat luas,Sangat jauh,Sedikit,Tidak Ada Tempat Makan,Kurang,Sedikit,Sangat murah,1 bintang,Tidak Ada Wisatawan Manca,Tidak Ada Wisatawan Lokal,Tidak ada,Cukup sedikit
Pakes,Kecil,Dekat,Sedikit,Tidak Ada Tempat Makan,Kurang,Sedikit,Sangat murah,1 bintang,Tidak Ada Wisatawan Manca,Tidak Ada Wisatawan Lokal,Tidak ada,Tidak ada
Bandung,Luas,Sangat dekat,Sedikit,Tidak Ada Tempat Makan,Kurang,Sedikit,Sangat murah,1 bintang,Tidak Ada Wisatawan Manca,Tidak Ada Wisatawan Lokal,Tidak ada,Cukup sedikit
Konang,Luas,Sangat dekat,Sedikit,Tidak Ada Tempat Makan,Kurang,Sedikit,Sangat murah,1 bintang,Tidak Ada Wisatawan Manca,Tidak Ada Wisatawan Lokal,Tidak ada,Tidak ada
Senasen,Kecil,Dekat,Sedikit,Tidak Ada Tempat Makan,Kurang,Sedikit,Sangat murah,1 bintang,Tidak Ada Wisatawan Manca,Tidak Ada Wisatawan Lokal,Tidak ada,Tidak ada
Campor,Luas,Sangat dekat,Sedikit,Tidak Ada Tempat Makan,Kurang,Sedikit,Sangat murah,1 bintang,Tidak Ada Wisatawan Manca,Tidak Ada Wisatawan Lokal,Tidak ada,Tidak ada
Sambiyan,Sangat luas,Cukup jauh,Sedikit,Tidak Ada Tempat Makan,Kurang,Sedikit,Sangat murah,1 bintang,Tidak Ada Wisatawan Manca,Tidak Ada Wisatawan Lokal,Tidak ada,Tidak ada
Cangkarman,Kecil,Sangat jauh,Sedikit,Tidak Ada Tempat Makan,Kurang,Sedikit,Sangat murah,1 bintang,Tidak Ada Wisatawan Manca,Tidak Ada Wisatawan Lokal,Tidak ada,Tidak ada
Tebul,Sempit,Dekat,Sedikit,Tidak Ada Tempat Makan,Kurang,Sedikit,Sangat murah,1 bintang,Tidak Ada Wisatawan Manca,Tidak Ada Wisatawan Lokal,Tidak ada,Tidak ada
Pasanggrahan,Kecil,Sangat dekat,Sedikit,Tidak Ada Tempat Makan,Kurang,Sedikit,Sangat murah,1 bintang,Tidak Ada Wisatawan Manca,Tidak Ada Wisatawan Lokal,Tidak ada,Tidak ada
Karanganyar,Sempit,Dekat,Sedikit,Tidak Ada Tempat Makan,Kurang,Sedikit,Sangat murah,1 bintang,Tidak Ada Wisatawan Manca,Tidak Ada Wisatawan Lokal,Tidak ada,Tidak ada
Batah Barat,Sempit,Cukup jauh,Sedikit,Tidak Ada Tempat Makan,Kurang,Sedikit,Sangat murah,1 bintang,Tidak Ada Wisatawan Manca,Tidak Ada Wisatawan Lokal,Tidak ada,Cukup sedikit
Batah Timur,Kecil,Cukup jauh,Sedikit,Tidak Ada Tempat Makan,Kurang,Sedikit,Sangat murah,1 bintang,Tidak Ada Wisatawan Manca,Tidak Ada Wisatawan Lokal,Tidak ada,Tidak ada
Duwek Buter,Kecil,Cukup jauh,Sedikit,Tidak Ada Tempat Makan,Kurang,Sedikit,Sangat murah,1 bintang,Tidak Ada Wisatawan Manca,Tidak Ada Wisatawan Lokal,Tidak ada,Cukup sedikit
Pandanan,Sempit,Cukup jauh,Sedikit,Tidak Ada Tempat Makan,Kurang,Sedikit,Sangat murah,1 bintang,Tidak Ada Wisatawan Manca,Tidak Ada Wisatawan Lokal,Tidak ada,Tidak ada
Karang Entang,Sempit,Dekat,Sedikit,Tidak Ada Tempat Makan,Kurang,Sedikit,Sangat murah,1 bintang,Tidak Ada Wisatawan Manca,Tidak Ada Wisatawan Lokal,Tidak ada,Tidak ada
Janteh,Kecil,Sangat dekat,Sedikit,Tidak Ada Tempat Makan,Kurang,Sedikit,Sangat murah,1 bintang,Tidak Ada Wisatawan Manca,Tidak Ada Wisatawan Lokal,Tidak ada,Tidak ada
Dlemer,Sempit,Sangat dekat,Sedikit,Tidak Ada Tempat Makan,Kurang,Sedikit,Sangat murah,1 bintang,Tidak Ada Wisatawan Manca,Tidak Ada Wisatawan Lokal,Tidak ada,Tidak ada
Morombuh,Sempit,Dekat,Sedikit,Tidak Ada Tempat Makan,Kurang,Sedikit,Sangat murah,1 bintang,Tidak Ada Wisatawan Manca,Tidak Ada Wisatawan Lokal,Tidak ada,Tidak ada
Sumur Kuning,Kecil,Dekat,Sedikit,Tidak Ada Tempat Makan,Kurang,Sedikit,Sangat murah,1 bintang,Tidak Ada Wisatawan Manca,Tidak Ada Wisatawan Lokal,Tidak ada,Tidak ada
Paoran,Kecil,Dekat,Sedikit,Tidak Ada Tempat Makan,Kurang,Sedikit,Sangat murah,1 bintang,Tidak Ada Wisatawan Manca,Tidak Ada Wisatawan Lokal,Tidak ada,Tidak ada
Gunung Sereng,Kecil,Cukup jauh,Sedikit,Tidak Ada Tempat Makan,Kurang,Sedikit,Sangat murah,1 bintang,Tidak Ada Wisatawan Manca,Tidak Ada Wisatawan Lokal,Tidak ada,Tidak ada
Kesek,Sempit,Sangat dekat,Sedikit,Tidak Ada Tempat Makan,Kurang,Sedikit,Sangat murah,1 bintang,Tidak Ada Wisatawan Manca,Tidak Ada Wisatawan Lokal,Tidak ada,Tidak ada
Pangpong,Sempit,Dekat,Sedikit,Tidak Ada Tempat Makan,Kurang,Sedikit,Sangat murah,1 bintang,Tidak Ada Wisatawan Manca,Tidak Ada Wisatawan Lokal,Tidak ada,Tidak ada
Sukolilo Barat,Sempit,Sangat dekat,Sedikit,Tidak Ada Tempat Makan,Kurang,Sedikit,Sangat murah,1 bintang,Tidak Ada Wisatawan Manca,Tidak Ada Wisatawan Lokal,Tidak ada,Tidak ada
Sukolilo Timur,Sempit,Sangat dekat,Sedikit,Tidak Ada Tempat Makan,Kurang,Sedikit,Sangat murah,1 bintang,Tidak Ada Wisatawan Manca,Tidak Ada Wisatawan Lokal,Tidak ada,Cukup sedikit
Bunajih,Kecil,Sangat dekat,Sedikit,Tidak Ada Tempat Makan,Kurang,Sedikit,Sangat murah,1 bintang,Tidak Ada Wisatawan Manca,Tidak Ada Wisatawan Lokal,Tidak ada,Tidak ada
Bringin,Sempit,Dekat,Sedikit,Tidak Ada Tempat Makan,Kurang,Sedikit,Sangat murah,1 bintang,Tidak Ada Wisatawan Manca,Tidak Ada Wisatawan Lokal,Tidak ada,Tidak ada
Ba'Engas,Kecil,Sangat dekat,Sedikit,Tidak Ada Tempat Makan,Kurang,Sedikit,Sangat murah,1 bintang,Tidak Ada Wisatawan Manca,Tidak Ada Wisatawan Lokal,Tidak ada,Tidak ada
Labang,Sempit,Dekat,Sedikit,Banyak Tempat Makan,Kurang,Sedikit,Sangat murah,1 bintang,Tidak Ada Wisatawan Manca,Tidak Ada Wisatawan Lokal,Tidak ada,Tidak ada
Jukong,Kecil,Dekat,Sedikit,Tidak Ada Tempat Makan,Kurang,Sedikit,Sangat murah,1 bintang,Tidak Ada Wisatawan Manca,Tidak Ada Wisatawan Lokal,Tidak ada,Tidak ada
Sendang Laok,Sempit,Cukup jauh,Sedikit,Tidak Ada Tempat Makan,Kurang,Sedikit,Sangat murah,1 bintang,Tidak Ada Wisatawan Manca,Tidak Ada Wisatawan Lokal,Tidak ada,Tidak ada
Sendang Daya,Sangat luas,Cukup jauh,Sedikit,Tidak Ada Tempat Makan,Kurang,Sedikit,Sangat murah,1 bintang,Tidak Ada Wisatawan Manca,Tidak Ada Wisatawan Lokal,Tidak ada,Tidak ada
Petapan,Sempit,Cukup jauh,Sedikit,Tidak Ada Tempat Makan,Kurang,Sedikit,Sangat murah,1 bintang,Tidak Ada Wisatawan Manca,Tidak Ada Wisatawan Lokal,Tidak ada,Cukup sedikit
Pangpajung,Kecil,Dekat,Sedikit,Tidak Ada Tempat Makan,Kurang,Sedikit,Sangat murah,1 bintang,Tidak Ada Wisatawan Manca,Tidak Ada Wisatawan Lokal,Tidak ada,Tidak ada
Patereman,Sempit,Sangat dekat,Sedikit,Tidak Ada Tempat Makan,Kurang,Sedikit,Sangat murah,1 bintang,Tidak Ada Wisatawan Manca,Tidak Ada Wisatawan Lokal,Tidak ada,Cukup sedikit
Kolla,Kecil,Dekat,Sedikit,Tidak Ada Tempat Makan,Kurang,Sedikit,Sangat murah,1 bintang,Tidak Ada Wisatawan Manca,Tidak Ada Wisatawan Lokal,Tidak ada,Tidak ada
Paeng,Sempit,Dekat,Sedikit,Tidak Ada Tempat Makan,Kurang,Sedikit,Sangat murah,1 bintang,Tidak Ada Wisatawan Manca,Tidak Ada Wisatawan Lokal,Tidak ada,Cukup sedikit
Neroh,Sangat luas,Dekat,Sedikit,Tidak Ada Tempat Makan,Kurang,Sedikit,Sangat murah,1 bintang,Tidak Ada Wisatawan Manca,Tidak Ada Wisatawan Lokal,Tidak ada,Tidak ada
Serabi Timur,Kecil,Dekat,Sedikit,Tidak Ada Tempat Makan,Kurang,Sedikit,Sangat murah,1 bintang,Tidak Ada Wisatawan Manca,Tidak Ada Wisatawan Lokal,Tidak ada,Tidak ada
Serabi Barat,Luas,Dekat,Sedikit,Tidak Ada Tempat Makan,Kurang,Sedikit,Sangat murah,1 bintang,Tidak Ada Wisatawan Manca,Tidak Ada Wisatawan Lokal,Tidak ada,Tidak ada
Patengteng,Sangat luas,Dekat,Sedikit,Tidak Ada Tempat Makan,Kurang,Sedikit,Sangat murah,1 bintang,Tidak Ada Wisatawan Manca,Tidak Ada Wisatawan Lokal,Tidak ada,Tidak ada
Langpanggang,Sempit,Cukup jauh,Sedikit,Tidak Ada Tempat Makan,Kurang,Sedikit,Sangat murah,1 bintang,Tidak Ada Wisatawan Manca,Tidak Ada Wisatawan Lokal,Tidak ada,Tidak ada
Suwaan,Kecil,Sangat jauh,Sedikit,Tidak Ada Tempat Makan,Kurang,Sedikit,Sangat murah,1 bintang,Tidak Ada Wisatawan Manca,Tidak Ada Wisatawan Lokal,Tidak ada,Tidak ada
Modung,Kecil,Sangat jauh,Sedikit,Tidak Ada Tempat Makan,Kurang,Sedikit,Sangat murah,1 bintang,Tidak Ada Wisatawan Manca,Tidak Ada Wisatawan Lokal,Tidak ada,Cukup sedikit
Brakas Dajah,Kecil,Sangat jauh,Sedikit,Tidak Ada Tempat Makan,Kurang,Sedikit,Sangat murah,1 bintang,Tidak Ada Wisatawan Manca,Tidak Ada Wisatawan Lokal,Tidak ada,Tidak ada
Karanganyar,Sempit,Dekat,Sedikit,Tidak Ada Tempat Makan,Kurang,Sedikit,Sangat murah,1 bintang,Tidak Ada Wisatawan Manca,Tidak Ada Wisatawan Lokal,Tidak ada,Tidak ada
Glisgis,Kecil,Sangat jauh,Sedikit,Tidak Ada Tempat Makan,Kurang,Sedikit,Sangat murah,1 bintang,Tidak Ada Wisatawan Manca,Tidak Ada Wisatawan Lokal,Tidak ada,Tidak ada
Pakong,Sempit,Sangat jauh,Sedikit,Tidak Ada Tempat Makan,Kurang,Sedikit,Sangat murah,1 bintang,Tidak Ada Wisatawan Manca,Tidak Ada Wisatawan Lokal,Tidak ada,Cukup sedikit
Alaskokon,Kecil,Sangat jauh,Sedikit,Tidak Ada Tempat Makan,Kurang,Sedikit,Sangat murah,1 bintang,Tidak Ada Wisatawan Manca,Tidak Ada Wisatawan Lokal,Tidak ada,Tidak ada
Junganyar,Sempit,Sangat dekat,Sedikit,Tidak Ada Tempat Makan,Kurang,Sedikit,Sangat murah,1 bintang,Tidak Ada Wisatawan Manca,Tidak Ada Wisatawan Lokal,Tidak ada,Tidak ada
Socah,Sempit,Sangat dekat,Sedikit,Tidak Ada Tempat Makan,Kurang,Sedikit,Sangat murah,1 bintang,Tidak Ada Wisatawan Manca,Tidak Ada Wisatawan Lokal,Tidak ada,Cukup sedikit
Buluh,Kecil,Sangat dekat,Sedikit,Tidak Ada Tempat Makan,Kurang,Sedikit,Sangat murah,1 bintang,Tidak Ada Wisatawan Manca,Tidak Ada Wisatawan Lokal,Tidak ada,Tidak ada
Sanggra Agung,Luas,Cukup jauh,Sedikit,Tidak Ada Tempat Makan,Kurang,Sedikit,Sangat murah,1 bintang,Tidak Ada Wisatawan Manca,Tidak Ada Wisatawan Lokal,Tidak ada,Cukup sedikit
Bilaporah,Sangat luas,Dekat,Sedikit,Tidak Ada Tempat Makan,Kurang,Sedikit,Sangat murah,1 bintang,Tidak Ada Wisatawan Manca,Tidak Ada Wisatawan Lokal,Tidak ada,Cukup sedikit
Keleyan,Luas,Sangat dekat,Sedikit,Tidak Ada Tempat Makan,Kurang,Sedikit,Sangat murah,1 bintang,Tidak Ada Wisatawan Manca,Tidak Ada Wisatawan Lokal,Tidak ada,Cukup sedikit
Petaonan,Kecil,Sangat dekat,Sedikit,Tidak Ada Tempat Makan,Kurang,Sedikit,Sangat murah,1 bintang,Tidak Ada Wisatawan Manca,Tidak Ada Wisatawan Lokal,Tidak ada,Tidak ada
Dakiring,Kecil,Dekat,Sedikit,Tidak Ada Tempat Makan,Kurang,Sedikit,Sangat murah,1 bintang,Tidak Ada Wisatawan Manca,Tidak Ada Wisatawan Lokal,Tidak ada,Tidak ada
Pacentan,Sangat luas,Cukup jauh,Sedikit,Tidak Ada Tempat Makan,Kurang,Sedikit,Sangat murah,1 bintang,Tidak Ada Wisatawan Manca,Tidak Ada Wisatawan Lokal,Tidak ada,Tidak ada
Baipajung,Sangat luas,Dekat,Sedikit,Tidak Ada Tempat Makan,Kurang,Sedikit,Sangat murah,1 bintang,Tidak Ada Wisatawan Manca,Tidak Ada Wisatawan Lokal,Tidak ada,Tidak ada
Kranggan Barat,Sangat luas,Dekat,Sedikit,Tidak Ada Tempat Makan,Kurang,Sedikit,Sangat murah,1 bintang,Tidak Ada Wisatawan Manca,Tidak Ada Wisatawan Lokal,Tidak ada,Tidak ada
Pangeleyan,Sempit,Sangat dekat,Sedikit,Tidak Ada Tempat Makan,Kurang,Sedikit,Sangat murah,1 bintang,Tidak Ada Wisatawan Manca,Tidak Ada Wisatawan Lokal,Tidak ada,Tidak ada
Padurungan,Sempit,Sangat dekat,Sedikit,Tidak Ada Tempat Makan,Kurang,Sedikit,Sangat murah,1 bintang,Tidak Ada Wisatawan Manca,Tidak Ada Wisatawan Lokal,Tidak ada,Cukup sedikit
Petrah,Kecil,Sangat dekat,Sedikit,Tidak Ada Tempat Makan,Kurang,Sedikit,Sangat murah,1 bintang,Tidak Ada Wisatawan Manca,Tidak Ada Wisatawan Lokal,Tidak ada,Tidak ada
Tanah Merah Daya,Kecil,Sangat dekat,Sedikit,Tidak Ada Tempat Makan,Kurang,Sedikit,Sangat murah,1 bintang,Tidak Ada Wisatawan Manca,Tidak Ada Wisatawan Lokal,Tidak ada,Cukup sedikit
Dumajah,Kecil,Dekat,Sedikit,Tidak Ada Tempat Makan,Kurang,Sedikit,Sangat murah,1 bintang,Tidak Ada Wisatawan Manca,Tidak Ada Wisatawan Lokal,Tidak ada,Tidak ada
Tlomar,Sempit,Dekat,Sedikit,Tidak Ada Tempat Makan,Kurang,Sedikit,Sangat murah,1 bintang,Tidak Ada Wisatawan Manca,Tidak Ada Wisatawan Lokal,Tidak ada,Tidak ada
Kendaban,Sempit,Dekat,Sedikit,Tidak Ada Tempat Makan,Kurang,Sedikit,Sangat murah,1 bintang,Tidak Ada Wisatawan Manca,Tidak Ada Wisatawan Lokal,Tidak ada,Tidak ada
Jangkar,Kecil,Dekat,Sedikit,Tidak Ada Tempat Makan,Kurang,Sedikit,Sangat murah,1 bintang,Tidak Ada Wisatawan Manca,Tidak Ada Wisatawan Lokal,Tidak ada,Tidak ada
Pettong,Kecil,Cukup jauh,Sedikit,Tidak Ada Tempat Makan,Kurang,Sedikit,Sangat murah,1 bintang,Tidak Ada Wisatawan Manca,Tidak Ada Wisatawan Lokal,Tidak ada,Tidak ada
Landak,Sempit,Sangat jauh,Sedikit,Tidak Ada Tempat Makan,Kurang,Sedikit,Sangat murah,1 bintang,Tidak Ada Wisatawan Manca,Tidak Ada Wisatawan Lokal,Tidak ada,Tidak ada
Rongdurin,Sempit,Cukup jauh,Sedikit,Tidak Ada Tempat Makan,Kurang,Sedikit,Sangat murah,1 bintang,Tidak Ada Wisatawan Manca,Tidak Ada Wisatawan Lokal,Tidak ada,Tidak ada
Batangan,Kecil,Sangat jauh,Sedikit,Tidak Ada Tempat Makan,Kurang,Sedikit,Sangat murah,1 bintang,Tidak Ada Wisatawan Manca,Tidak Ada Wisatawan Lokal,Tidak ada,Tidak ada
Dlambah Dajah,Kecil,Sangat dekat,Sedikit,Tidak Ada Tempat Makan,Kurang,Sedikit,Sangat murah,1 bintang,Tidak Ada Wisatawan Manca,Tidak Ada Wisatawan Lokal,Tidak ada,Tidak ada
Dlamba Laok,Sempit,Sangat dekat,Sedikit,Tidak Ada Tempat Makan,Kurang,Sedikit,Sangat murah,1 bintang,Tidak Ada Wisatawan Manca,Tidak Ada Wisatawan Lokal,Tidak ada,Tidak ada
Mrecah,Sempit,Dekat,Sedikit,Tidak Ada Tempat Makan,Kurang,Sedikit,Sangat murah,1 bintang,Tidak Ada Wisatawan Manca,Tidak Ada Wisatawan Lokal,Tidak ada,Tidak ada
Buddan,Sempit,Cukup jauh,Sedikit,Tidak Ada Tempat Makan,Kurang,Sedikit,Sangat murah,1 bintang,Tidak Ada Wisatawan Manca,Tidak Ada Wisatawan Lokal,Tidak ada,Tidak ada
Poter,Sempit,Cukup jauh,Sedikit,Tidak Ada Tempat Makan,Kurang,Sedikit,Sangat murah,1 bintang,Tidak Ada Wisatawan Manca,Tidak Ada Wisatawan Lokal,Tidak ada,Cukup sedikit
Basanah,Sempit,Dekat,Sedikit,Tidak Ada Tempat Makan,Kurang,Sedikit,Sangat murah,1 bintang,Tidak Ada Wisatawan Manca,Tidak Ada Wisatawan Lokal,Tidak ada,Tidak ada
Planggiran,Luas,Dekat,Sedikit,Tidak Ada Tempat Makan,Kurang,Sedikit,Sangat murah,1 bintang,Tidak Ada Wisatawan Manca,Tidak Ada Wisatawan Lokal,Tidak ada,Tidak ada
Tagungguh,Sangat luas,Sangat jauh,Sedikit,Tidak Ada Tempat Makan,Kurang,Sedikit,Sangat murah,1 bintang,Tidak Ada Wisatawan Manca,Tidak Ada Wisatawan Lokal,Tidak ada,Tidak ada
Bandang Daya,Luas,Sangat jauh,Sedikit,Tidak Ada Tempat Makan,Kurang,Sedikit,Sangat murah,1 bintang,Tidak Ada Wisatawan Manca,Tidak Ada Wisatawan Lokal,Tidak ada,Tidak ada
Bungkeng,Sangat luas,Sangat jauh,Sedikit,Tidak Ada Tempat Makan,Kurang,Sedikit,Sangat murah,1 bintang,Tidak Ada Wisatawan Manca,Tidak Ada Wisatawan Lokal,Tidak ada,Tidak ada
Larangan Timur,Sangat luas,Sangat jauh,Sedikit,Tidak Ada Tempat Makan,Kurang,Sedikit,Sangat murah,1 bintang,Tidak Ada Wisatawan Manca,Tidak Ada Wisatawan Lokal,Tidak ada,Tidak ada
Tambak Pocok,Kecil,Sangat jauh,Sedikit,Tidak Ada Tempat Makan,Kurang,Sedikit,Sangat murah,1 bintang,Tidak Ada Wisatawan Manca,Tidak Ada Wisatawan Lokal,Tidak ada,Tidak ada
Bumi Anyar,Kecil,Sangat jauh,Sedikit,Tidak Ada Tempat Makan,Kurang,Sedikit,Sangat murah,1 bintang,Tidak Ada Wisatawan Manca,Tidak Ada Wisatawan Lokal,Tidak ada,Sangat banyak
Paseseh,Sempit,Sangat dekat,Sedikit,Tidak Ada Tempat Makan,Kurang,Sedikit,Sangat murah,1 bintang,Tidak Ada Wisatawan Manca,Tidak Ada Wisatawan Lokal,Tidak ada,Cukup sedikit
Telaga Biru,Sempit,Dekat,Sedikit,Tidak Ada Tempat Makan,Kurang,Sedikit,Sangat murah,1 bintang,Tidak Ada Wisatawan Manca,Tidak Ada Wisatawan Lokal,Tidak ada,Cukup sedikit
Tanjung Bumi,Kecil,Sangat dekat,Sedikit,Tidak Ada Tempat Makan,Cukup baik,Sedikit,Sangat murah,1 bintang,Tidak Ada Wisatawan Manca,Banyak Wisatawan Lokal,Tidak ada,Tidak ada
Tlangoh,Kecil,Cukup jauh,Sedikit,Tidak Ada Tempat Makan,Kurang,Sedikit,Sangat murah,1 bintang,Tidak Ada Wisatawan Manca,Tidak Ada Wisatawan Lokal,Tidak ada,Tidak ada
Banyu Sangkah,Luas,Sangat jauh,Sedikit,Tidak Ada Tempat Makan,Kurang,Sedikit,Sangat murah,1 bintang,Tidak Ada Wisatawan Manca,Tidak Ada Wisatawan Lokal,Tidak ada,Tidak ada
Aengtabar,Sangat luas,Sangat jauh,Sedikit,Tidak Ada Tempat Makan,Kurang,Sedikit,Sangat murah,1 bintang,Tidak Ada Wisatawan Manca,Tidak Ada Wisatawan Lokal,Tidak ada,Tidak ada
Alang Alang,Sempit,Sangat dekat,Sedikit,Tidak Ada Tempat Makan,Kurang,Sedikit,Sangat murah,1 bintang,Tidak Ada Wisatawan Manca,Tidak Ada Wisatawan Lokal,Tidak ada,Cukup sedikit
Kemoneng,Sangat luas,Dekat,Sedikit,Tidak Ada Tempat Makan,Kurang,Sedikit,Sangat murah,1 bintang,Tidak Ada Wisatawan Manca,Tidak Ada Wisatawan Lokal,Tidak ada,Tidak ada
Soket Laok,Luas,Sangat dekat,Sedikit,Tidak Ada Tempat Makan,Kurang,Sedikit,Sangat murah,1 bintang,Tidak Ada Wisatawan Manca,Tidak Ada Wisatawan Lokal,Tidak ada,Cukup sedikit
Bajeman,Kecil,Dekat,Sedikit,Tidak Ada Tempat Makan,Kurang,Sedikit,Sangat murah,1 bintang,Tidak Ada Wisatawan Manca,Tidak Ada Wisatawan Lokal,Tidak ada,Tidak ada
Tambin,Sempit,Sangat dekat,Sedikit,Tidak Ada Tempat Makan,Kurang,Sedikit,Sangat murah,1 bintang,Tidak Ada Wisatawan Manca,Tidak Ada Wisatawan Lokal,Tidak ada,Tidak ada
Soket Daya,Sangat luas,Sangat dekat,Sedikit,Tidak Ada Tempat Makan,Kurang,Sedikit,Sangat murah,1 bintang,Tidak Ada Wisatawan Manca,Tidak Ada Wisatawan Lokal,Tidak ada,Tidak ada
Keteleng,Sempit,Sangat dekat,Sedikit,Tidak Ada Tempat Makan,Kurang,Sedikit,Sangat murah,1 bintang,Tidak Ada Wisatawan Manca,Tidak Ada Wisatawan Lokal,Tidak ada,Tidak ada
Ja'ah,Sempit,Dekat,Sedikit,Tidak Ada Tempat Makan,Kurang,Sedikit,Sangat murah,1 bintang,Tidak Ada Wisatawan Manca,Tidak Ada Wisatawan Lokal,Tidak ada,Tidak ada
Bancang,Sempit,Dekat,Sedikit,Tidak Ada Tempat Makan,Kurang,Sedikit,Sangat murah,1 bintang,Tidak Ada Wisatawan Manca,Tidak Ada Wisatawan Lokal,Tidak ada,Tidak ada
Masaran,Kecil,Sangat dekat,Sedikit,Tidak Ada Tempat Makan,Kurang,Sedikit,Sangat murah,1 bintang,Tidak Ada Wisatawan Manca,Tidak Ada Wisatawan Lokal,Tidak ada,Tidak ada
Pacangan,Sangat luas,Dekat,Sedikit,Tidak Ada Tempat Makan,Kurang,Sedikit,Sangat murah,1 bintang,Tidak Ada Wisatawan Manca,Tidak Ada Wisatawan Lokal,Tidak ada,Tidak ada
Tragah,Kecil,Sangat dekat,Sedikit,Tidak Ada Tempat Makan,Kurang,Sedikit,Sangat murah,1 bintang,Tidak Ada Wisatawan Manca,Tidak Ada Wisatawan Lokal,Tidak ada,Tidak ada
Karang Leman,Kecil,Sangat dekat,Sedikit,Tidak Ada Tempat Makan,Kurang,Sedikit,Sangat murah,1 bintang,Tidak Ada Wisatawan Manca,Tidak Ada Wisatawan Lokal,Tidak ada,Tidak ada
Dukotambin,Sempit,Sangat dekat,Sedikit,Tidak Ada Tempat Makan,Kurang,Sedikit,Sangat murah,1 bintang,Tidak Ada Wisatawan Manca,Tidak Ada Wisatawan Lokal,Tidak ada,Tidak ada
Jaddung,Sempit,Sangat dekat,Sedikit,Tidak Ada Tempat Makan,Kurang,Sedikit,Sangat murah,1 bintang,Tidak Ada Wisatawan Manca,Tidak Ada Wisatawan Lokal,Tidak ada,Tidak ada
Banyu Bese,Kecil,Sangat dekat,Sedikit,Tidak Ada Tempat Makan,Kurang,Sedikit,Sangat murah,1 bintang,Tidak Ada Wisatawan Manca,Tidak Ada Wisatawan Lokal,Tidak ada,Tidak ada
Pamorah,Kecil,Dekat,Sedikit,Tidak Ada Tempat Makan,Kurang,Sedikit,Sangat murah,1 bintang,Tidak Ada Wisatawan Manca,Tidak Ada Wisatawan Lokal,Tidak ada,Tidak ada
Bepelle,Kecil,Cukup jauh,Sedikit,Tidak Ada Tempat Makan,Kurang,Sedikit,Sangat murah,1 bintang,Tidak Ada Wisatawan Manca,Tidak Ada Wisatawan Lokal,Tidak ada,Tidak ada
Lepelle,Sangat luas,Dekat,Sedikit,Tidak Ada Tempat Makan,Kurang,Sedikit,Sangat murah,1 bintang,Tidak Ada Wisatawan Manca,Tidak Ada Wisatawan Lokal,Tidak ada,Tidak ada
Robatal,Sangat luas,Dekat,Sedikit,Tidak Ada Tempat Makan,Kurang,Sedikit,Sangat murah,1 bintang,Tidak Ada Wisatawan Manca,Tidak Ada Wisatawan Lokal,Tidak ada,Tidak ada
Sawah tengah,Kecil,Cukup jauh,Sedikit,Tidak Ada Tempat Makan,Kurang,Sedikit,Sangat murah,1 bintang,Tidak Ada Wisatawan Manca,Tidak Ada Wisatawan Lokal,Tidak ada,Tidak ada
Torjunan,Luas,Sangat dekat,Sedikit,Tidak Ada Tempat Makan,Kurang,Sedikit,Sangat murah,1 bintang,Tidak Ada Wisatawan Manca,Tidak Ada Wisatawan Lokal,Tidak ada,Tidak ada
Tragih,Sempit,Sangat dekat,Sedikit,Tidak Ada Tempat Makan,Kurang,Sedikit,Sangat murah,1 bintang,Tidak Ada Wisatawan Manca,Tidak Ada Wisatawan Lokal,Tidak ada,Cukup sedikit
Jelgung,Luas,Sangat dekat,Sedikit,Tidak Ada Tempat Makan,Kurang,Sedikit,Sangat murah,1 bintang,Tidak Ada Wisatawan Manca,Tidak Ada Wisatawan Lokal,Tidak ada,Cukup sedikit
Gunung Rancak,Sangat luas,Cukup jauh,Sedikit,Tidak Ada Tempat Makan,Kurang,Sedikit,Sangat murah,1 bintang,Tidak Ada Wisatawan Manca,Tidak Ada Wisatawan Lokal,Tidak ada,Cukup sedikit
Pandiyangan,Sangat luas,Dekat,Sedikit,Tidak Ada Tempat Makan,Kurang,Sedikit,Sangat murah,1 bintang,Tidak Ada Wisatawan Manca,Tidak Ada Wisatawan Lokal,Tidak ada,Tidak ada
Aeng Sareh,Kecil,Cukup jauh,Sedikit,Tidak Ada Tempat Makan,Kurang,Sedikit,Sangat murah,1 bintang,Tidak Ada Wisatawan Manca,Tidak Ada Wisatawan Lokal,Tidak ada,Tidak ada
Paseyan,Sempit,Dekat,Sedikit,Tidak Ada Tempat Makan,Kurang,Sedikit,Sangat murah,1 bintang,Tidak Ada Wisatawan Manca,Tidak Ada Wisatawan Lokal,Tidak ada,Tidak ada
Panggung,Kecil,Cukup jauh,Sedikit,Tidak Ada Tempat Makan,Kurang,Sedikit,Sangat murah,1 bintang,Tidak Ada Wisatawan Manca,Tidak Ada Wisatawan Lokal,Tidak ada,Cukup sedikit
Baruh,Kecil,Cukup jauh,Sedikit,Tidak Ada Tempat Makan,Kurang,Sedikit,Sangat murah,1 bintang,Tidak Ada Wisatawan Manca,Tidak Ada Wisatawan Lokal,Tidak ada,Cukup sedikit
Taman Sareh,Kecil,Cukup jauh,Sedikit,Tidak Ada Tempat Makan,Kurang,Sedikit,Sangat murah,1 bintang,Tidak Ada Wisatawan Manca,Tidak Ada Wisatawan Lokal,Tidak ada,Tidak ada
Pakalongan,Kecil,Sangat dekat,Sedikit,Tidak Ada Tempat Makan,Kurang,Sedikit,Sangat murah,1 bintang,Tidak Ada Wisatawan Manca,Tidak Ada Wisatawan Lokal,Tidak ada,Banyak
Tanggumong,Kecil,Sangat dekat,Sedikit,Tidak Ada Tempat Makan,Kurang,Sedikit,Sangat murah,1 bintang,Tidak Ada Wisatawan Manca,Tidak Ada Wisatawan Lokal,Tidak ada,Cukup sedikit
Kamoning,Sempit,Cukup jauh,Sangat banyak,Tidak Ada Tempat Makan,Kurang,Sedikit,Sangat murah,1 bintang,Tidak Ada Wisatawan Manca,Tidak Ada Wisatawan Lokal,Tidak ada,Tidak ada
Banyumas,Kecil,Cukup jauh,Sedikit,Tidak Ada Tempat Makan,Kurang,Sedikit,Sangat murah,1 bintang,Tidak Ada Wisatawan Manca,Tidak Ada Wisatawan Lokal,Tidak ada,Tidak ada
Pangelen,Kecil,Sangat dekat,Sedikit,Tidak Ada Tempat Makan,Kurang,Sedikit,Sangat murah,1 bintang,Tidak Ada Wisatawan Manca,Tidak Ada Wisatawan Lokal,Tidak ada,Cukup sedikit
Tobai Barat,Sangat luas,Sangat jauh,Sedikit,Tidak Ada Tempat Makan,Kurang,Sedikit,Sangat murah,1 bintang,Tidak Ada Wisatawan Manca,Tidak Ada Wisatawan Lokal,Tidak ada,Banyak
Tobai Tengah,Luas,Sangat jauh,Sedikit,Tidak Ada Tempat Makan,Kurang,Sedikit,Sangat murah,1 bintang,Tidak Ada Wisatawan Manca,Tidak Ada Wisatawan Lokal,Tidak ada,Banyak
Tobai Timur,Sangat luas,Sangat dekat,Sedikit,Tidak Ada Tempat Makan,Kurang,Sedikit,Sangat murah,1 bintang,Tidak Ada Wisatawan Manca,Tidak Ada Wisatawan Lokal,Tidak ada,Cukup sedikit
Sokobanah Laok,Sangat luas,Cukup jauh,Sedikit,Tidak Ada Tempat Makan,Kurang,Sedikit,Sangat murah,1 bintang,Tidak Ada Wisatawan Manca,Tidak Ada Wisatawan Lokal,Tidak ada,Tidak ada
Tamberu Laok,Sangat luas,Sangat jauh,Sedikit,Tidak Ada Tempat Makan,Kurang,Sedikit,Sangat murah,1 bintang,Tidak Ada Wisatawan Manca,Tidak Ada Wisatawan Lokal,Tidak ada,Tidak ada
Sokobanah Tengah,Sangat luas,Cukup jauh,Sedikit,Tidak Ada Tempat Makan,Kurang,Sedikit,Sangat murah,1 bintang,Tidak Ada Wisatawan Manca,Tidak Ada Wisatawan Lokal,Tidak ada,Tidak ada
Sokobanah Daya,Luas,Sangat dekat,Sedikit,Tidak Ada Tempat Makan,Kurang,Sedikit,Sangat murah,1 bintang,Tidak Ada Wisatawan Manca,Tidak Ada Wisatawan Lokal,Tidak ada,Tidak ada
Tamberu Timur,Sempit,Dekat,Sedikit,Tidak Ada Tempat Makan,Kurang,Sedikit,Sangat murah,1 bintang,Tidak Ada Wisatawan Manca,Tidak Ada Wisatawan Lokal,Tidak ada,Cukup sedikit
Noreh,Luas,Sangat dekat,Sedikit,Tidak Ada Tempat Makan,Kurang,Sedikit,Sangat murah,1 bintang,Tidak Ada Wisatawan Manca,Tidak Ada Wisatawan Lokal,Tidak ada,Tidak ada
Labuhan,Sangat luas,Sangat dekat,Sedikit,Tidak Ada Tempat Makan,Kurang,Sedikit,Sangat murah,1 bintang,Tidak Ada Wisatawan Manca,Tidak Ada Wisatawan Lokal,Tidak ada,Tidak ada
Taman  ,Luas,Dekat,Sedikit,Tidak Ada Tempat Makan,Kurang,Sedikit,Sangat murah,1 bintang,Tidak Ada Wisatawan Manca,Tidak Ada Wisatawan Lokal,Tidak ada,Tidak ada
Sreseh,Luas,Cukup jauh,Sedikit,Tidak Ada Tempat Makan,Kurang,Sedikit,Sangat murah,1 bintang,Tidak Ada Wisatawan Manca,Tidak Ada Wisatawan Lokal,Tidak ada,Tidak ada
Disanah,Sangat luas,Sangat jauh,Sedikit,Tidak Ada Tempat Makan,Kurang,Sedikit,Sangat murah,1 bintang,Tidak Ada Wisatawan Manca,Tidak Ada Wisatawan Lokal,Tidak ada,Tidak ada
Marparan,Luas,Cukup jauh,Sedikit,Tidak Ada Tempat Makan,Kurang,Sedikit,Sangat murah,1 bintang,Tidak Ada Wisatawan Manca,Tidak Ada Wisatawan Lokal,Tidak ada,Tidak ada
Labang,Sempit,Dekat,Sedikit,Banyak Tempat Makan,Kurang,Sedikit,Sangat murah,1 bintang,Tidak Ada Wisatawan Manca,Tidak Ada Wisatawan Lokal,Tidak ada,Tidak ada
Bundah,Sempit,Sangat dekat,Sedikit,Tidak Ada Tempat Makan,Kurang,Sedikit,Sangat murah,1 bintang,Tidak Ada Wisatawan Manca,Tidak Ada Wisatawan Lokal,Tidak ada,Tidak ada
Bangsah,Sempit,Sangat jauh,Sedikit,Tidak Ada Tempat Makan,Kurang,Sedikit,Sangat murah,1 bintang,Tidak Ada Wisatawan Manca,Tidak Ada Wisatawan Lokal,Tidak ada,Tidak ada
Plasah,Sangat luas,Sangat jauh,Sedikit,Tidak Ada Tempat Makan,Kurang,Sedikit,Sangat murah,1 bintang,Tidak Ada Wisatawan Manca,Tidak Ada Wisatawan Lokal,Tidak ada,Tidak ada
Junok,Kecil,Sangat jauh,Sedikit,Tidak Ada Tempat Makan,Kurang,Sedikit,Sangat murah,1 bintang,Tidak Ada Wisatawan Manca,Tidak Ada Wisatawan Lokal,Tidak ada,Tidak ada
Batorasang,Kecil,Cukup jauh,Sedikit,Tidak Ada Tempat Makan,Kurang,Sedikit,Sangat murah,1 bintang,Tidak Ada Wisatawan Manca,Tidak Ada Wisatawan Lokal,Tidak ada,Cukup sedikit
Karang Anyar,Luas,Dekat,Sedikit,Tidak Ada Tempat Makan,Kurang,Sedikit,Sangat murah,1 bintang,Tidak Ada Wisatawan Manca,Tidak Ada Wisatawan Lokal,Tidak ada,Tidak ada
Samaran,Sangat luas,Sangat dekat,Sedikit,Tidak Ada Tempat Makan,Kurang,Sedikit,Sangat murah,1 bintang,Tidak Ada Wisatawan Manca,Tidak Ada Wisatawan Lokal,Tidak ada,Cukup sedikit
Bringin,Sempit,Dekat,Sedikit,Tidak Ada Tempat Makan,Kurang,Sedikit,Sangat murah,1 bintang,Tidak Ada Wisatawan Manca,Tidak Ada Wisatawan Lokal,Tidak ada,Tidak ada
Mambulu Barat,Luas,Cukup jauh,Sedikit,Tidak Ada Tempat Makan,Kurang,Sedikit,Sangat murah,1 bintang,Tidak Ada Wisatawan Manca,Tidak Ada Wisatawan Lokal,Tidak ada,Tidak ada
Barung Gagah,Luas,Dekat,Sedikit,Tidak Ada Tempat Makan,Kurang,Sedikit,Sangat murah,1 bintang,Tidak Ada Wisatawan Manca,Tidak Ada Wisatawan Lokal,Tidak ada,Tidak ada
Tambelangan,Kecil,Sangat dekat,Sedikit,Tidak Ada Tempat Makan,Kurang,Sedikit,Sangat murah,1 bintang,Tidak Ada Wisatawan Manca,Tidak Ada Wisatawan Lokal,Tidak ada,Tidak ada
Somber,Sangat luas,Sangat dekat,Sedikit,Tidak Ada Tempat Makan,Kurang,Sedikit,Sangat murah,1 bintang,Tidak Ada Wisatawan Manca,Tidak Ada Wisatawan Lokal,Tidak ada,Tidak ada
Banjar Billah,Sangat luas,Cukup jauh,Sedikit,Tidak Ada Tempat Makan,Kurang,Sedikit,Sangat murah,1 bintang,Tidak Ada Wisatawan Manca,Tidak Ada Wisatawan Lokal,Tidak ada,Tidak ada
Birem,Sangat luas,Cukup jauh,Sedikit,Tidak Ada Tempat Makan,Kurang,Sedikit,Sangat murah,1 bintang,Tidak Ada Wisatawan Manca,Tidak Ada Wisatawan Lokal,Tidak ada,Tidak ada
Dulang,Kecil,Sangat dekat,Sedikit,Tidak Ada Tempat Makan,Kurang,Sedikit,Sangat murah,1 bintang,Tidak Ada Wisatawan Manca,Tidak Ada Wisatawan Lokal,Tidak ada,Tidak ada
Patarongan,Kecil,Dekat,Sedikit,Tidak Ada Tempat Makan,Kurang,Sedikit,Sangat murah,1 bintang,Tidak Ada Wisatawan Manca,Tidak Ada Wisatawan Lokal,Tidak ada,Tidak ada
Pangongsean,Kecil,Dekat,Sedikit,Tidak Ada Tempat Makan,Kurang,Sedikit,Sangat murah,1 bintang,Tidak Ada Wisatawan Manca,Tidak Ada Wisatawan Lokal,Tidak ada,Tidak ada
Krampon,Sempit,Dekat,Sedikit,Tidak Ada Tempat Makan,Kurang,Sedikit,Sangat murah,1 bintang,Tidak Ada Wisatawan Manca,Tidak Ada Wisatawan Lokal,Tidak ada,Banyak
Bringin Nonggal,Sempit,Dekat,Sedikit,Tidak Ada Tempat Makan,Kurang,Sedikit,Sangat murah,1 bintang,Tidak Ada Wisatawan Manca,Tidak Ada Wisatawan Lokal,Tidak ada,Banyak
Torjunan,Luas,Sangat dekat,Sedikit,Tidak Ada Tempat Makan,Kurang,Sedikit,Sangat murah,1 bintang,Tidak Ada Wisatawan Manca,Tidak Ada Wisatawan Lokal,Tidak ada,Tidak ada
Patapan,Kecil,Dekat,Sedikit,Tidak Ada Tempat Makan,Kurang,Sedikit,Sangat murah,1 bintang,Tidak Ada Wisatawan Manca,Tidak Ada Wisatawan Lokal,Tidak ada,Tidak ada
Jeruk Porot,Sangat luas,Dekat,Sedikit,Tidak Ada Tempat Makan,Kurang,Sedikit,Sangat murah,1 bintang,Tidak Ada Wisatawan Manca,Tidak Ada Wisatawan Lokal,Tidak ada,Tidak ada
Kodak,Sempit,Cukup jauh,Sedikit,Tidak Ada Tempat Makan,Kurang,Sedikit,Sangat murah,1 bintang,Tidak Ada Wisatawan Manca,Tidak Ada Wisatawan Lokal,Tidak ada,Tidak ada
Kanjar,Sempit,Cukup jauh,Sedikit,Tidak Ada Tempat Makan,Kurang,Sedikit,Sangat murah,1 bintang,Tidak Ada Wisatawan Manca,Tidak Ada Wisatawan Lokal,Tidak ada,Cukup sedikit
Kara,Kecil,Cukup jauh,Sedikit,Tidak Ada Tempat Makan,Kurang,Sedikit,Sangat murah,1 bintang,Tidak Ada Wisatawan Manca,Tidak Ada Wisatawan Lokal,Tidak ada,Tidak ada
Tana Mera,Kecil,Cukup jauh,Sedikit,Tidak Ada Tempat Makan,Kurang,Sedikit,Sangat murah,1 bintang,Tidak Ada Wisatawan Manca,Tidak Ada Wisatawan Lokal,Tidak ada,Cukup sedikit
Olor,Sangat luas,Sangat jauh,Sedikit,Tidak Ada Tempat Makan,Kurang,Sedikit,Sangat murah,1 bintang,Tidak Ada Wisatawan Manca,Tidak Ada Wisatawan Lokal,Tidak ada,Tidak ada
Planggaran Barat,Kecil,Sangat dekat,Sedikit,Tidak Ada Tempat Makan,Kurang,Sedikit,Sangat murah,1 bintang,Tidak Ada Wisatawan Manca,Tidak Ada Wisatawan Lokal,Tidak ada,Tidak ada
Planggaran Timur,Kecil,Sangat jauh,Sedikit,Tidak Ada Tempat Makan,Kurang,Sedikit,Sangat murah,1 bintang,Tidak Ada Wisatawan Manca,Tidak Ada Wisatawan Lokal,Tidak ada,Tidak ada
Tolang,Sangat luas,Sangat jauh,Sedikit,Tidak Ada Tempat Makan,Kurang,Sedikit,Sangat murah,1 bintang,Tidak Ada Wisatawan Manca,Tidak Ada Wisatawan Lokal,Tidak ada,Tidak ada
Lar-lar,Sangat luas,Sangat jauh,Sedikit,Tidak Ada Tempat Makan,Kurang,Sedikit,Sangat murah,1 bintang,Tidak Ada Wisatawan Manca,Tidak Ada Wisatawan Lokal,Tidak ada,Tidak ada
Tragah,Kecil,Sangat dekat,Sedikit,Tidak Ada Tempat Makan,Kurang,Sedikit,Sangat murah,1 bintang,Tidak Ada Wisatawan Manca,Tidak Ada Wisatawan Lokal,Tidak ada,Tidak ada
Nagasareh,Luas,Sangat dekat,Sedikit,Tidak Ada Tempat Makan,Kurang,Sedikit,Sangat murah,1 bintang,Tidak Ada Wisatawan Manca,Tidak Ada Wisatawan Lokal,Tidak ada,Tidak ada
Tapaan,Luas,Cukup jauh,Sedikit,Tidak Ada Tempat Makan,Kurang,Sedikit,Sangat murah,1 bintang,Tidak Ada Wisatawan Manca,Tidak Ada Wisatawan Lokal,Tidak ada,Tidak ada
Terosan,Sangat luas,Sangat dekat,Sedikit,Tidak Ada Tempat Makan,Kurang,Sedikit,Sangat murah,1 bintang,Tidak Ada Wisatawan Manca,Tidak Ada Wisatawan Lokal,Tidak ada,Cukup sedikit
Asem Jaran,Luas,Cukup jauh,Sedikit,Tidak Ada Tempat Makan,Kurang,Sedikit,Sangat murah,1 bintang,Tidak Ada Wisatawan Manca,Tidak Ada Wisatawan Lokal,Tidak ada,Tidak ada
Kambang Jeruk,Kecil,Dekat,Sedikit,Tidak Ada Tempat Makan,Kurang,Sedikit,Sangat murah,1 bintang,Tidak Ada Wisatawan Manca,Tidak Ada Wisatawan Lokal,Tidak ada,Tidak ada
Morbatoh,Luas,Dekat,Sedikit,Tidak Ada Tempat Makan,Kurang,Sedikit,Sangat murah,1 bintang,Tidak Ada Wisatawan Manca,Tidak Ada Wisatawan Lokal,Tidak ada,Tidak ada
Tebanah,Kecil,Cukup jauh,Sedikit,Tidak Ada Tempat Makan,Kurang,Sedikit,Sangat murah,1 bintang,Tidak Ada Wisatawan Manca,Tidak Ada Wisatawan Lokal,Tidak ada,Tidak ada
Nepa,Sempit,Cukup jauh,Sedikit,Tidak Ada Tempat Makan,Kurang,Sedikit,Sangat murah,1 bintang,Tidak Ada Wisatawan Manca,Tidak Ada Wisatawan Lokal,Tidak ada,Tidak ada
Masaran,Kecil,Sangat dekat,Sedikit,Tidak Ada Tempat Makan,Kurang,Sedikit,Sangat murah,1 bintang,Tidak Ada Wisatawan Manca,Tidak Ada Wisatawan Lokal,Tidak ada,Tidak ada
Banyuates,Sangat luas,Sangat dekat,Sedikit,Tidak Ada Tempat Makan,Kurang,Sedikit,Sangat murah,1 bintang,Tidak Ada Wisatawan Manca,Tidak Ada Wisatawan Lokal,Tidak ada,Tidak ada
Jatra Timur,Sempit,Sangat dekat,Sedikit,Tidak Ada Tempat Makan,Kurang,Sedikit,Sangat murah,1 bintang,Tidak Ada Wisatawan Manca,Tidak Ada Wisatawan Lokal,Tidak ada,Banyak
Trapang,Sempit,Dekat,Sedikit,Tidak Ada Tempat Makan,Kurang,Sedikit,Sangat murah,1 bintang,Tidak Ada Wisatawan Manca,Tidak Ada Wisatawan Lokal,Tidak ada,Tidak ada
Banjar Talela,Kecil,Dekat,Sedikit,Tidak Ada Tempat Makan,Kurang,Sedikit,Sangat murah,1 bintang,Tidak Ada Wisatawan Manca,Tidak Ada Wisatawan Lokal,Tidak ada,Tidak ada
Prajjan,Sempit,Dekat,Sedikit,Tidak Ada Tempat Makan,Kurang,Sedikit,Sangat murah,1 bintang,Tidak Ada Wisatawan Manca,Tidak Ada Wisatawan Lokal,Tidak ada,Tidak ada
Batu Karang,Sempit,Cukup jauh,Sedikit,Tidak Ada Tempat Makan,Kurang,Sedikit,Sangat murah,1 bintang,Tidak Ada Wisatawan Manca,Tidak Ada Wisatawan Lokal,Tidak ada,Banyak
Dharma Tanjung,Sempit,Cukup jauh,Sedikit,Tidak Ada Tempat Makan,Kurang,Sedikit,Sangat murah,1 bintang,Tidak Ada Wisatawan Manca,Tidak Ada Wisatawan Lokal,Tidak ada,Tidak ada
Rabasan,Sangat luas,Cukup jauh,Sedikit,Tidak Ada Tempat Makan,Kurang,Sedikit,Sangat murah,1 bintang,Tidak Ada Wisatawan Manca,Tidak Ada Wisatawan Lokal,Tidak ada,Cukup sedikit
Banjar Tabulu,Luas,Dekat,Sedikit,Tidak Ada Tempat Makan,Kurang,Sedikit,Sangat murah,1 bintang,Tidak Ada Wisatawan Manca,Tidak Ada Wisatawan Lokal,Tidak ada,Cukup sedikit
Anggersek,Sempit,Cukup jauh,Sedikit,Tidak Ada Tempat Makan,Kurang,Sedikit,Sangat murah,1 bintang,Tidak Ada Wisatawan Manca,Tidak Ada Wisatawan Lokal,Tidak ada,Tidak ada
Madupat,Luas,Dekat,Sedikit,Tidak Ada Tempat Makan,Kurang,Sedikit,Sangat murah,1 bintang,Tidak Ada Wisatawan Manca,Tidak Ada Wisatawan Lokal,Tidak ada,Banyak
Pamolaan,Luas,Cukup jauh,Sedikit,Tidak Ada Tempat Makan,Kurang,Sedikit,Sangat murah,1 bintang,Tidak Ada Wisatawan Manca,Tidak Ada Wisatawan Lokal,Tidak ada,Tidak ada
Plampaan,Kecil,Sangat jauh,Sedikit,Tidak Ada Tempat Makan,Kurang,Sedikit,Sangat murah,1 bintang,Tidak Ada Wisatawan Manca,Tidak Ada Wisatawan Lokal,Tidak ada,Tidak ada
Margantoko,Kecil,Cukup jauh,Sedikit,Tidak Ada Tempat Makan,Kurang,Sedikit,Sangat murah,1 bintang,Tidak Ada Wisatawan Manca,Tidak Ada Wisatawan Lokal,Tidak ada,Tidak ada
Asem Nonggal,Sangat luas,Sangat dekat,Sedikit,Tidak Ada Tempat Makan,Kurang,Sedikit,Sangat murah,1 bintang,Tidak Ada Wisatawan Manca,Tidak Ada Wisatawan Lokal,Tidak ada,Tidak ada
Majangan,Kecil,Dekat,Sedikit,Tidak Ada Tempat Makan,Kurang,Sedikit,Sangat murah,1 bintang,Tidak Ada Wisatawan Manca,Tidak Ada Wisatawan Lokal,Tidak ada,Tidak ada
Kalangan Prao,Kecil,Sangat dekat,Sedikit,Tidak Ada Tempat Makan,Kurang,Sedikit,Sangat murah,1 bintang,Tidak Ada Wisatawan Manca,Tidak Ada Wisatawan Lokal,Tidak ada,Tidak ada
Asem Raja,Kecil,Dekat,Sedikit,Tidak Ada Tempat Makan,Kurang,Sedikit,Sangat murah,1 bintang,Tidak Ada Wisatawan Manca,Tidak Ada Wisatawan Lokal,Tidak ada,Tidak ada
Plakaran,Kecil,Sangat dekat,Sedikit,Tidak Ada Tempat Makan,Kurang,Sedikit,Sangat murah,1 bintang,Tidak Ada Wisatawan Manca,Tidak Ada Wisatawan Lokal,Tidak ada,Tidak ada
Buler,Kecil,Cukup jauh,Sedikit,Tidak Ada Tempat Makan,Kurang,Sedikit,Sangat murah,1 bintang,Tidak Ada Wisatawan Manca,Tidak Ada Wisatawan Lokal,Tidak ada,Cukup sedikit
Bancelok,Sangat luas,Cukup jauh,Sedikit,Tidak Ada Tempat Makan,Kurang,Sedikit,Sangat murah,1 bintang,Tidak Ada Wisatawan Manca,Tidak Ada Wisatawan Lokal,Tidak ada,Tidak ada
Mlaka,Sempit,Dekat,Sedikit,Tidak Ada Tempat Makan,Kurang,Sedikit,Sangat murah,1 bintang,Tidak Ada Wisatawan Manca,Tidak Ada Wisatawan Lokal,Tidak ada,Cukup sedikit
Jungkarang,Luas,Dekat,Sedikit,Tidak Ada Tempat Makan,Kurang,Sedikit,Sangat murah,1 bintang,Tidak Ada Wisatawan Manca,Tidak Ada Wisatawan Lokal,Tidak ada,Cukup sedikit
Kotah,Kecil,Dekat,Sedikit,Tidak Ada Tempat Makan,Kurang,Sedikit,Sangat murah,1 bintang,Tidak Ada Wisatawan Manca,Tidak Ada Wisatawan Lokal,Tidak ada,Banyak
Jrengik,Kecil,Sangat dekat,Sedikit,Tidak Ada Tempat Makan,Kurang,Sedikit,Sangat murah,1 bintang,Tidak Ada Wisatawan Manca,Tidak Ada Wisatawan Lokal,Tidak ada,Banyak
Taman,Kecil,Dekat,Sedikit,Tidak Ada Tempat Makan,Kurang,Sedikit,Sangat murah,1 bintang,Tidak Ada Wisatawan Manca,Tidak Ada Wisatawan Lokal,Tidak ada,Cukup sedikit
Panyepen,Kecil,Dekat,Sedikit,Tidak Ada Tempat Makan,Kurang,Sedikit,Sangat murah,1 bintang,Tidak Ada Wisatawan Manca,Tidak Ada Wisatawan Lokal,Tidak ada,Tidak ada
Bluuran,Sangat luas,Dekat,Sedikit,Tidak Ada Tempat Makan,Kurang,Sedikit,Sangat murah,1 bintang,Tidak Ada Wisatawan Manca,Tidak Ada Wisatawan Lokal,Tidak ada,Tidak ada
Tlambah,Sangat luas,Dekat,Sedikit,Tidak Ada Tempat Makan,Kurang,Sedikit,Sangat murah,1 bintang,Tidak Ada Wisatawan Manca,Tidak Ada Wisatawan Lokal,Tidak ada,Cukup sedikit
Gunung Kesan,Sangat luas,Cukup jauh,Sedikit,Tidak Ada Tempat Makan,Kurang,Sedikit,Sangat murah,1 bintang,Tidak Ada Wisatawan Manca,Tidak Ada Wisatawan Lokal,Tidak ada,Tidak ada
Karang penang onjur,Luas,Sangat dekat,Sedikit,Tidak Ada Tempat Makan,Kurang,Sedikit,Sangat murah,1 bintang,Tidak Ada Wisatawan Manca,Tidak Ada Wisatawan Lokal,Tidak ada,Cukup sedikit
Bulmatet,Luas,Cukup jauh,Sedikit,Tidak Ada Tempat Makan,Kurang,Sedikit,Sangat murah,1 bintang,Tidak Ada Wisatawan Manca,Tidak Ada Wisatawan Lokal,Tidak ada,Cukup sedikit
Poreh,Luas,Cukup jauh,Sedikit,Tidak Ada Tempat Makan,Kurang,Sedikit,Sangat murah,1 bintang,Tidak Ada Wisatawan Manca,Tidak Ada Wisatawan Lokal,Tidak ada,Tidak ada
Karang penang oloh,Sangat luas,Dekat,Sedikit,Tidak Ada Tempat Makan,Kurang,Sedikit,Sangat murah,1 bintang,Tidak Ada Wisatawan Manca,Tidak Ada Wisatawan Lokal,Tidak ada,Tidak ada
Komis,Kecil,Sangat dekat,Sedikit,Tidak Ada Tempat Makan,Kurang,Sedikit,Sangat murah,1 bintang,Tidak Ada Wisatawan Manca,Tidak Ada Wisatawan Lokal,Tidak ada,Tidak ada
Banyukapah,Luas,Cukup jauh,Sedikit,Tidak Ada Tempat Makan,Kurang,Sedikit,Sangat murah,1 bintang,Tidak Ada Wisatawan Manca,Tidak Ada Wisatawan Lokal,Tidak ada,Tidak ada
Rabasan,Sangat luas,Cukup jauh,Sedikit,Tidak Ada Tempat Makan,Kurang,Sedikit,Sangat murah,1 bintang,Tidak Ada Wisatawan Manca,Tidak Ada Wisatawan Lokal,Tidak ada,Cukup sedikit
Rahayu,Kecil,Dekat,Sedikit,Tidak Ada Tempat Makan,Kurang,Sedikit,Sangat murah,1 bintang,Tidak Ada Wisatawan Manca,Tidak Ada Wisatawan Lokal,Tidak ada,Tidak ada
Muktesareh,Kecil,Sangat dekat,Sedikit,Tidak Ada Tempat Makan,Kurang,Sedikit,Sangat murah,1 bintang,Tidak Ada Wisatawan Manca,Tidak Ada Wisatawan Lokal,Tidak ada,Cukup sedikit
Bajrasokah,Sangat luas,Dekat,Sedikit,Tidak Ada Tempat Makan,Kurang,Sedikit,Sangat murah,1 bintang,Tidak Ada Wisatawan Manca,Tidak Ada Wisatawan Lokal,Tidak ada,Cukup sedikit
Nyeloh,Sangat luas,Sangat dekat,Sedikit,Tidak Ada Tempat Makan,Kurang,Sedikit,Sangat murah,1 bintang,Tidak Ada Wisatawan Manca,Tidak Ada Wisatawan Lokal,Tidak ada,Tidak ada
Banjar,Sangat luas,Sangat jauh,Sedikit,Tidak Ada Tempat Makan,Kurang,Sedikit,Sangat murah,1 bintang,Tidak Ada Wisatawan Manca,Tidak Ada Wisatawan Lokal,Tidak ada,Tidak ada
Ombul,Kecil,Dekat,Sedikit,Tidak Ada Tempat Makan,Kurang,Sedikit,Sangat murah,1 bintang,Tidak Ada Wisatawan Manca,Tidak Ada Wisatawan Lokal,Tidak ada,Tidak ada
Pajeruan,Sangat luas,Cukup jauh,Sedikit,Tidak Ada Tempat Makan,Kurang,Sedikit,Sangat murah,1 bintang,Tidak Ada Wisatawan Manca,Tidak Ada Wisatawan Lokal,Tidak ada,Tidak ada
Kedungdung,Kecil,Sangat dekat,Sedikit,Tidak Ada Tempat Makan,Kurang,Sedikit,Sangat murah,1 bintang,Tidak Ada Wisatawan Manca,Tidak Ada Wisatawan Lokal,Tidak ada,Cukup sedikit
Batu poro barat,Sangat luas,Dekat,Sedikit,Tidak Ada Tempat Makan,Kurang,Sedikit,Sangat murah,1 bintang,Tidak Ada Wisatawan Manca,Tidak Ada Wisatawan Lokal,Tidak ada,Tidak ada
Batu poro timur,Sangat luas,Dekat,Sedikit,Tidak Ada Tempat Makan,Kurang,Sedikit,Sangat murah,1 bintang,Tidak Ada Wisatawan Manca,Tidak Ada Wisatawan Lokal,Tidak ada,Tidak ada
Gunung Eleh,Kecil,Cukup jauh,Sedikit,Tidak Ada Tempat Makan,Kurang,Sedikit,Sangat murah,1 bintang,Tidak Ada Wisatawan Manca,Tidak Ada Wisatawan Lokal,Tidak ada,Tidak ada
Daleman,Luas,Dekat,Sedikit,Tidak Ada Tempat Makan,Cukup baik,Sedikit,Murah,4 bintang,Tidak Ada Wisatawan Manca,Banyak Wisatawan Lokal,Cukup sedikit,Cukup sedikit
Pasarenan,Luas,Dekat,Sedikit,Tidak Ada Tempat Makan,Kurang,Sedikit,Sangat murah,1 bintang,Tidak Ada Wisatawan Manca,Tidak Ada Wisatawan Lokal,Tidak ada,Tidak ada
Palenggiyen,Sangat luas,Cukup jauh,Sedikit,Tidak Ada Tempat Makan,Kurang,Sedikit,Sangat murah,1 bintang,Tidak Ada Wisatawan Manca,Tidak Ada Wisatawan Lokal,Tidak ada,Cukup sedikit
Paopale laok,Sangat luas,Cukup jauh,Sedikit,Tidak Ada Tempat Makan,Kurang,Sedikit,Sangat murah,1 bintang,Tidak Ada Wisatawan Manca,Tidak Ada Wisatawan Lokal,Tidak ada,Tidak ada
Bunten Barat,Luas,Cukup jauh,Sedikit,Tidak Ada Tempat Makan,Kurang,Sedikit,Sangat murah,1 bintang,Tidak Ada Wisatawan Manca,Tidak Ada Wisatawan Lokal,Tidak ada,Cukup sedikit
Bunten Timur,Luas,Sangat dekat,Sedikit,Tidak Ada Tempat Makan,Kurang,Sedikit,Sangat murah,1 bintang,Tidak Ada Wisatawan Manca,Tidak Ada Wisatawan Lokal,Tidak ada,Tidak ada
Pancor,Sangat luas,Sangat jauh,Sedikit,Tidak Ada Tempat Makan,Kurang,Sedikit,Sangat murah,1 bintang,Tidak Ada Wisatawan Manca,Tidak Ada Wisatawan Lokal,Tidak ada,Tidak ada
Karang Anyar,Luas,Dekat,Sedikit,Tidak Ada Tempat Makan,Kurang,Sedikit,Sangat murah,1 bintang,Tidak Ada Wisatawan Manca,Tidak Ada Wisatawan Lokal,Tidak ada,Tidak ada
Pangereman,Sangat luas,Sangat jauh,Sedikit,Tidak Ada Tempat Makan,Kurang,Sedikit,Sangat murah,1 bintang,Tidak Ada Wisatawan Manca,Tidak Ada Wisatawan Lokal,Tidak ada,Tidak ada
Bira Barat,Sangat luas,Sangat jauh,Sedikit,Tidak Ada Tempat Makan,Kurang,Sedikit,Sangat murah,1 bintang,Tidak Ada Wisatawan Manca,Tidak Ada Wisatawan Lokal,Tidak ada,Tidak ada
Ketapang Timur,Sangat luas,Dekat,Sedikit,Tidak Ada Tempat Makan,Kurang,Sedikit,Sangat murah,1 bintang,Tidak Ada Wisatawan Manca,Tidak Ada Wisatawan Lokal,Tidak ada,Tidak ada
Paopale Daya,Kecil,Cukup jauh,Sedikit,Tidak Ada Tempat Makan,Kurang,Sedikit,Sangat murah,1 bintang,Tidak Ada Wisatawan Manca,Tidak Ada Wisatawan Lokal,Tidak ada,Tidak ada
Banyu Sokah,Kecil,Cukup jauh,Sedikit,Tidak Ada Tempat Makan,Kurang,Sedikit,Sangat murah,1 bintang,Tidak Ada Wisatawan Manca,Tidak Ada Wisatawan Lokal,Tidak ada,Tidak ada
Kebun Sareh,Sangat luas,Sangat jauh,Sedikit,Tidak Ada Tempat Makan,Kurang,Sedikit,Sangat murah,1 bintang,Tidak Ada Wisatawan Manca,Tidak Ada Wisatawan Lokal,Tidak ada,Cukup sedikit
Karang Nangger,Sempit,Cukup jauh,Sedikit,Tidak Ada Tempat Makan,Kurang,Sedikit,Sangat murah,1 bintang,Tidak Ada Wisatawan Manca,Tidak Ada Wisatawan Lokal,Tidak ada,Tidak ada
Astapah,Sempit,Cukup jauh,Sedikit,Tidak Ada Tempat Makan,Kurang,Sedikit,Sangat murah,1 bintang,Tidak Ada Wisatawan Manca,Tidak Ada Wisatawan Lokal,Tidak ada,Tidak ada
Gersempal,Luas,Dekat,Sedikit,Tidak Ada Tempat Makan,Kurang,Sedikit,Sangat murah,1 bintang,Tidak Ada Wisatawan Manca,Tidak Ada Wisatawan Lokal,Tidak ada,Tidak ada
Meteng,Luas,Dekat,Sedikit,Tidak Ada Tempat Makan,Kurang,Sedikit,Sangat murah,1 bintang,Tidak Ada Wisatawan Manca,Tidak Ada Wisatawan Lokal,Tidak ada,Cukup sedikit
Madulang,Kecil,Cukup jauh,Sedikit,Tidak Ada Tempat Makan,Kurang,Sedikit,Sangat murah,1 bintang,Tidak Ada Wisatawan Manca,Tidak Ada Wisatawan Lokal,Tidak ada,Tidak ada
Kamondung,Kecil,Cukup jauh,Sedikit,Tidak Ada Tempat Makan,Kurang,Sedikit,Sangat murah,1 bintang,Tidak Ada Wisatawan Manca,Tidak Ada Wisatawan Lokal,Tidak ada,Tidak ada
Omben,Kecil,Sangat dekat,Sedikit,Tidak Ada Tempat Makan,Kurang,Sedikit,Sangat murah,1 bintang,Tidak Ada Wisatawan Manca,Tidak Ada Wisatawan Lokal,Tidak ada,Tidak ada
Sogiyan,Kecil,Dekat,Sedikit,Tidak Ada Tempat Makan,Kurang,Sedikit,Sangat murah,1 bintang,Tidak Ada Wisatawan Manca,Tidak Ada Wisatawan Lokal,Tidak ada,Tidak ada
Napo Daya,Sempit,Cukup jauh,Sedikit,Tidak Ada Tempat Makan,Kurang,Sedikit,Sangat murah,1 bintang,Tidak Ada Wisatawan Manca,Tidak Ada Wisatawan Lokal,Tidak ada,Tidak ada
Jrangoan,Kecil,Dekat,Sedikit,Tidak Ada Tempat Makan,Kurang,Sedikit,Sangat murah,1 bintang,Tidak Ada Wisatawan Manca,Tidak Ada Wisatawan Lokal,Tidak ada,Cukup sedikit
Angsokah,Kecil,Sangat dekat,Sedikit,Tidak Ada Tempat Makan,Kurang,Sedikit,Sangat murah,1 bintang,Tidak Ada Wisatawan Manca,Tidak Ada Wisatawan Lokal,Tidak ada,Tidak ada
Rapalaok,Luas,Sangat dekat,Sedikit,Tidak Ada Tempat Makan,Kurang,Sedikit,Sangat murah,1 bintang,Tidak Ada Wisatawan Manca,Tidak Ada Wisatawan Lokal,Tidak ada,Tidak ada
Rongdalem,Luas,Dekat,Sedikit,Tidak Ada Tempat Makan,Kurang,Sedikit,Sangat murah,1 bintang,Tidak Ada Wisatawan Manca,Tidak Ada Wisatawan Lokal,Tidak ada,Tidak ada
Pandan,Sangat luas,Dekat,Sedikit,Tidak Ada Tempat Makan,Kurang,Sedikit,Sangat murah,1 bintang,Tidak Ada Wisatawan Manca,Tidak Ada Wisatawan Lokal,Tidak ada,Tidak ada
Rapa Daya,Kecil,Sangat dekat,Sedikit,Tidak Ada Tempat Makan,Kurang,Sedikit,Sangat murah,1 bintang,Tidak Ada Wisatawan Manca,Tidak Ada Wisatawan Lokal,Tidak ada,Tidak ada
Karang Gayam,Kecil,Dekat,Sedikit,Kurang Tempat Makan,Kurang,Sedikit,Sangat murah,1 bintang,Tidak Ada Wisatawan Manca,Tidak Ada Wisatawan Lokal,Tidak ada,Tidak ada
Apaaan,Luas,Sangat dekat,Sedikit,Tidak Ada Tempat Makan,Kurang,Sedikit,Sangat murah,1 bintang,Tidak Ada Wisatawan Manca,Tidak Ada Wisatawan Lokal,Tidak ada,Tidak ada
Gulbung,Luas,Dekat,Sedikit,Tidak Ada Tempat Makan,Kurang,Sedikit,Sangat murah,1 bintang,Tidak Ada Wisatawan Manca,Tidak Ada Wisatawan Lokal,Tidak ada,Cukup sedikit
Penyerangan,Kecil,Dekat,Sedikit,Tidak Ada Tempat Makan,Kurang,Sedikit,Sangat murah,1 bintang,Tidak Ada Wisatawan Manca,Tidak Ada Wisatawan Lokal,Tidak ada,Tidak ada
Pacanggaan,Kecil,Dekat,Sedikit,Tidak Ada Tempat Makan,Kurang,Sedikit,Sangat murah,1 bintang,Tidak Ada Wisatawan Manca,Tidak Ada Wisatawan Lokal,Tidak ada,Tidak ada
Ragung,Sangat luas,Dekat,Sedikit,Tidak Ada Tempat Makan,Kurang,Sedikit,Sangat murah,1 bintang,Tidak Ada Wisatawan Manca,Tidak Ada Wisatawan Lokal,Tidak ada,Tidak ada
